Index,GameTime,DspTime,Instrument,InputLine,InputPitch,FinalPitch,MaxClipIdx,ClipName,Volume,JavaMapping,WasClamped,ClampedFrom,Status
1,17.378,1877.3217,Piano,5,3,4,44,piano_snd004,0.27,True,True,3,PLAYED
2,17.585,1877.5191,Piano,4,1,6,44,piano_snd006,0.27,True,True,1,PLAYED
3,17.719,1877.6526,Piano,3,0,10,44,piano_snd010,0.27,True,True,0,PLAYED
4,17.886,1877.8210,Piano,5,3,4,44,piano_snd004,0.27,True,True,3,PLAYED
5,18.069,1878.0067,Piano,4,1,6,44,piano_snd006,0.15,True,True,1,PLAYED
6,18.236,1878.1693,Piano,3,0,10,44,piano_snd010,0.15,True,True,0,PLAYED
7,18.402,1878.3376,Piano,2,0,15,44,piano_snd015,0.15,True,True,0,PLAYED
8,18.586,1878.5176,Piano,4,1,6,44,piano_snd006,0.15,True,True,1,PLAYED
9,18.751,1878.6859,Piano,3,0,10,44,piano_snd010,0.15,True,True,0,PLAYED
10,18.902,1878.8368,Piano,2,0,15,44,piano_snd015,0.15,True,True,0,PLAYED
11,19.085,1879.0168,Piano,2,3,18,44,piano_snd018,0.15,True,True,3,PLAYED
12,19.302,1879.2374,Piano,3,0,10,44,piano_snd010,0.15,True,True,0,PLAYED
13,19.419,1879.3593,Piano,2,0,15,44,piano_snd015,0.15,True,True,0,PLAYED
14,19.618,1879.5508,Piano,2,3,18,44,piano_snd018,0.15,True,True,3,PLAYED
15,19.802,1879.7424,Piano,1,3,22,44,piano_snd022,0.15,True,True,3,PLAYED
16,19.953,1879.8875,Piano,2,0,15,44,piano_snd015,0.15,True,True,0,PLAYED
17,20.102,1880.0385,Piano,2,3,18,44,piano_snd018,0.15,True,True,3,PLAYED
18,20.285,1880.2184,Piano,1,3,22,44,piano_snd022,0.15,True,True,3,PLAYED
19,20.485,1880.4158,Piano,0,3,27,44,piano_snd027,0.15,True,True,3,PLAYED
20,20.636,1880.5783,Piano,2,3,18,44,piano_snd018,0.15,True,True,3,PLAYED
21,20.785,1880.7176,Piano,1,3,22,44,piano_snd022,0.15,True,True,3,PLAYED
22,20.985,1880.9150,Piano,0,3,27,44,piano_snd027,0.15,True,True,3,PLAYED
23,21.137,1881.0659,Piano,0,6,30,44,piano_snd030,0.15,True,True,6,PLAYED
24,21.319,1881.2459,Piano,1,3,22,44,piano_snd022,0.15,True,True,3,PLAYED
25,21.485,1881.4200,Piano,0,3,27,44,piano_snd027,0.15,True,True,3,PLAYED
26,21.636,1881.5710,Piano,0,6,30,44,piano_snd030,0.15,True,True,6,PLAYED
27,21.818,1881.7567,Piano,1,11,30,44,piano_snd030,0.15,True,True,11,PLAYED
28,21.818,1881.7567,Piano,0,10,34,44,piano_snd034,0.15,True,True,10,PLAYED
29,21.818,1881.7567,Piano,2,12,27,44,piano_snd027,0.15,True,True,12,PLAYED
30,21.819,1881.7567,Piano,5,3,4,44,piano_snd004,0.15,True,True,3,PLAYED
31,21.855,1881.7916,Piano,3,12,22,44,piano_snd022,0.15,True,True,12,PLAYED
32,21.992,1881.9309,Piano,1,11,30,44,piano_snd030,0.15,True,True,11,PLAYED
33,21.992,1881.9309,Piano,3,12,22,44,piano_snd022,0.15,True,True,12,PLAYED
34,21.992,1881.9309,Piano,2,12,27,44,piano_snd027,0.15,True,True,12,PLAYED
35,22.025,1881.9599,Piano,0,10,34,44,piano_snd034,0.15,True,True,10,PLAYED
36,22.159,1882.0992,Piano,5,2,3,44,piano_snd003,0.15,True,True,2,PLAYED
37,22.326,1882.2676,Piano,5,5,6,44,piano_snd006,0.15,True,True,5,PLAYED
38,22.476,1882.4127,Piano,4,5,10,44,piano_snd010,0.15,True,True,5,PLAYED
39,22.658,1882.5985,Piano,5,2,3,44,piano_snd003,0.15,True,True,2,PLAYED
40,22.826,1882.7610,Piano,4,0,5,44,piano_snd005,0.15,True,True,0,PLAYED
41,23.025,1882.9584,Piano,3,0,10,44,piano_snd010,0.15,True,True,0,PLAYED
42,23.159,1883.0977,Piano,3,4,14,44,piano_snd014,0.15,True,True,4,PLAYED
43,23.342,1883.2776,Piano,4,0,5,44,piano_snd005,0.15,True,True,0,PLAYED
44,23.509,1883.4460,Piano,3,0,10,44,piano_snd010,0.15,True,True,0,PLAYED
45,23.692,1883.6259,Piano,3,4,14,44,piano_snd014,0.15,True,True,4,PLAYED
46,23.875,1883.8059,Piano,2,2,17,44,piano_snd017,0.15,True,True,2,PLAYED
47,24.042,1883.9800,Piano,3,0,10,44,piano_snd010,0.15,True,True,0,PLAYED
48,24.225,1884.1600,Piano,3,4,14,44,piano_snd014,0.15,True,True,4,PLAYED
49,24.391,1884.3283,Piano,2,2,17,44,piano_snd017,0.15,True,True,2,PLAYED
50,24.558,1884.4967,Piano,1,3,22,44,piano_snd022,0.15,True,True,3,PLAYED
51,24.726,1884.6592,Piano,3,4,14,44,piano_snd014,0.15,True,True,4,PLAYED
52,24.909,1884.8508,Piano,2,2,17,44,piano_snd017,0.15,True,True,2,PLAYED
53,25.059,1885.0017,Piano,1,3,22,44,piano_snd022,0.15,True,True,3,PLAYED
54,25.259,1885.1991,Piano,0,2,26,44,piano_snd026,0.15,True,True,2,PLAYED
55,25.442,1885.3790,Piano,2,2,17,44,piano_snd017,0.15,True,True,2,PLAYED
56,25.592,1885.5242,Piano,1,3,22,44,piano_snd022,0.15,True,True,3,PLAYED
57,25.742,1885.6751,Piano,0,2,26,44,piano_snd026,0.15,True,True,2,PLAYED
58,25.926,1885.8551,Piano,0,5,29,44,piano_snd029,0.15,True,True,5,PLAYED
59,26.092,1886.0292,Piano,1,3,22,44,piano_snd022,0.15,True,True,3,PLAYED
60,26.258,1886.1976,Piano,0,2,26,44,piano_snd026,0.15,True,True,2,PLAYED
61,26.409,1886.3485,Piano,0,5,29,44,piano_snd029,0.15,True,True,5,PLAYED
62,26.592,1886.5284,Piano,0,10,34,44,piano_snd034,0.15,True,True,10,PLAYED
63,26.592,1886.5284,Piano,5,2,3,44,piano_snd003,0.15,True,True,2,PLAYED
64,26.592,1886.5284,Piano,1,10,29,44,piano_snd029,0.15,True,True,10,PLAYED
65,26.592,1886.5284,Piano,3,12,22,44,piano_snd022,0.15,True,True,12,PLAYED
66,26.625,1886.5575,Piano,2,11,26,44,piano_snd026,0.15,True,True,11,PLAYED
67,26.775,1886.7084,Piano,0,10,34,44,piano_snd034,0.15,True,True,10,PLAYED
68,26.775,1886.7200,Piano,1,10,29,44,piano_snd029,0.15,True,True,10,PLAYED
69,26.775,1886.7200,Piano,3,12,22,44,piano_snd022,0.15,True,True,12,PLAYED
70,26.775,1886.7200,Piano,2,11,26,44,piano_snd026,0.15,True,True,11,PLAYED
71,26.925,1886.8593,Piano,5,3,4,44,piano_snd004,0.15,True,True,3,PLAYED
72,27.109,1887.0509,Piano,5,7,8,44,piano_snd008,0.15,True,True,7,PLAYED
73,27.276,1887.2076,Piano,4,5,10,44,piano_snd010,0.15,True,True,5,PLAYED
74,27.459,1887.3992,Piano,3,5,15,44,piano_snd015,0.15,True,True,5,PLAYED
75,27.625,1887.5617,Piano,4,2,7,44,piano_snd007,0.15,True,True,2,PLAYED
76,27.792,1887.7301,Piano,3,0,10,44,piano_snd010,0.15,True,True,0,PLAYED
77,27.975,1887.9100,Piano,2,0,15,44,piano_snd015,0.15,True,True,0,PLAYED
78,28.142,1888.0784,Piano,1,0,19,44,piano_snd019,0.15,True,True,0,PLAYED
79,28.326,1888.2641,Piano,3,0,10,44,piano_snd010,0.15,True,True,0,PLAYED
80,28.459,1888.3976,Piano,2,0,15,44,piano_snd015,0.15,True,True,0,PLAYED
81,28.642,1888.5776,Piano,1,0,19,44,piano_snd019,0.15,True,True,0,PLAYED
82,28.809,1888.7459,Piano,1,3,22,44,piano_snd022,0.15,True,True,3,PLAYED
83,28.958,1888.8969,Piano,2,0,15,44,piano_snd015,0.15,True,True,0,PLAYED
84,29.142,1889.0768,Piano,1,0,19,44,piano_snd019,0.15,True,True,0,PLAYED
85,29.309,1889.2510,Piano,1,3,22,44,piano_snd022,0.15,True,True,3,PLAYED
86,29.492,1889.4309,Piano,0,3,27,44,piano_snd027,0.15,True,True,3,PLAYED
87,29.675,1889.6109,Piano,1,0,19,44,piano_snd019,0.15,True,True,0,PLAYED
88,29.826,1889.7618,Piano,1,3,22,44,piano_snd022,0.15,True,True,3,PLAYED
89,30.025,1889.9708,Piano,0,3,27,44,piano_snd027,0.15,True,True,3,PLAYED
90,30.159,1890.0985,Piano,0,7,31,44,piano_snd031,0.15,True,True,7,PLAYED
91,30.342,1890.2785,Piano,2,7,22,44,piano_snd022,0.15,True,True,7,PLAYED
92,30.526,1890.4642,Piano,1,8,27,44,piano_snd027,0.15,True,True,8,PLAYED
93,30.691,1890.6268,Piano,0,7,31,44,piano_snd031,0.15,True,True,7,PLAYED
94,30.842,1890.7777,Piano,0,10,34,44,piano_snd034,0.15,True,True,10,PLAYED
95,31.009,1890.9460,Piano,1,8,27,44,piano_snd027,0.15,True,True,8,PLAYED
96,31.175,1891.1086,Piano,0,7,31,44,piano_snd031,0.15,True,True,7,PLAYED
97,31.358,1891.2885,Piano,0,10,34,44,piano_snd034,0.15,True,True,10,PLAYED
98,31.542,1891.4801,Piano,1,15,34,44,piano_snd034,0.15,True,True,15,PLAYED
99,31.542,1891.4801,Piano,3,17,27,44,piano_snd027,0.15,True,True,17,PLAYED
100,31.542,1891.4801,Piano,2,16,31,44,piano_snd031,0.15,True,True,16,PLAYED
101,31.542,1891.4801,Piano,5,1,2,44,piano_snd002,0.15,True,True,1,PLAYED
102,31.575,1891.5091,Piano,0,15,39,44,piano_snd039,0.15,True,True,15,PLAYED
103,31.742,1891.6775,Piano,0,15,39,44,piano_snd039,0.15,True,True,15,PLAYED
104,31.742,1891.6775,Piano,1,15,34,44,piano_snd034,0.15,True,True,15,PLAYED
105,31.742,1891.6775,Piano,3,17,27,44,piano_snd027,0.15,True,True,17,PLAYED
106,31.742,1891.6775,Piano,2,16,31,44,piano_snd031,0.15,True,True,16,PLAYED
107,31.875,1891.8110,Piano,5,3,4,44,piano_snd004,0.15,True,True,3,PLAYED
108,32.042,1891.9793,Piano,4,3,8,44,piano_snd008,0.15,True,True,3,PLAYED
109,32.226,1892.1593,Piano,3,1,11,44,piano_snd011,0.15,True,True,1,PLAYED
110,32.376,1892.3160,Piano,2,0,15,44,piano_snd015,0.15,True,True,0,PLAYED
111,32.542,1892.4785,Piano,2,0,15,44,piano_snd015,0.15,True,True,0,PLAYED
112,32.724,1892.6585,Piano,1,1,20,44,piano_snd020,0.15,True,True,1,PLAYED
113,32.883,1892.8210,Piano,1,4,23,44,piano_snd023,0.15,True,True,4,PLAYED
114,33.050,1892.9836,Piano,0,3,27,44,piano_snd027,0.15,True,True,3,PLAYED
115,33.233,1893.1635,Piano,0,3,27,44,piano_snd027,0.15,True,True,3,PLAYED
116,33.384,1893.3145,Piano,0,8,32,44,piano_snd032,0.15,True,True,8,PLAYED
117,33.566,1893.5060,Piano,0,11,35,44,piano_snd035,0.15,True,True,11,PLAYED
118,33.766,1893.7092,Piano,0,15,39,44,piano_snd039,0.15,True,True,15,PLAYED
119,33.767,1893.7092,Piano,1,13,32,44,piano_snd032,0.15,True,True,13,PLAYED
120,33.767,1893.7092,Piano,2,12,27,44,piano_snd027,0.15,True,True,12,PLAYED
121,33.900,1893.8369,Piano,0,15,39,44,piano_snd039,0.15,True,True,15,PLAYED
122,33.900,1893.8369,Piano,1,13,32,44,piano_snd032,0.15,True,True,13,PLAYED
123,33.900,1893.8369,Piano,2,12,27,44,piano_snd027,0.15,True,True,12,PLAYED
124,34.083,1894.0169,Piano,5,3,4,44,piano_snd004,0.15,True,True,3,PLAYED
125,34.283,1894.2200,Piano,5,6,7,44,piano_snd007,0.15,True,True,6,PLAYED
126,34.433,1894.3710,Piano,4,4,9,44,piano_snd009,0.15,True,True,4,PLAYED
127,34.616,1894.5567,Piano,2,0,15,44,piano_snd015,0.15,True,True,0,PLAYED
128,34.766,1894.7077,Piano,2,0,15,44,piano_snd015,0.15,True,True,0,PLAYED
129,34.950,1894.8876,Piano,2,3,18,44,piano_snd018,0.15,True,True,3,PLAYED
130,35.099,1895.0385,Piano,1,2,21,44,piano_snd021,0.15,True,True,2,PLAYED
131,35.283,1895.2185,Piano,0,3,27,44,piano_snd027,0.15,True,True,3,PLAYED
132,35.466,1895.3985,Piano,0,3,27,44,piano_snd027,0.15,True,True,3,PLAYED
133,35.632,1895.5668,Piano,0,6,30,44,piano_snd030,0.15,True,True,6,PLAYED
134,35.783,1895.7177,Piano,0,9,33,44,piano_snd033,0.15,True,True,9,PLAYED
135,35.983,1895.9151,Piano,1,14,33,44,piano_snd033,0.15,True,True,14,PLAYED
136,35.983,1895.9151,Piano,0,15,39,44,piano_snd039,0.15,True,True,15,PLAYED
137,35.983,1895.9151,Piano,2,12,27,44,piano_snd027,0.15,True,True,12,PLAYED
138,36.166,1896.0951,Piano,0,15,39,44,piano_snd039,0.15,True,True,15,PLAYED
139,36.167,1896.0951,Piano,2,12,27,44,piano_snd027,0.15,True,True,12,PLAYED
140,36.216,1896.1589,Piano,1,14,33,44,piano_snd033,0.15,True,True,14,PLAYED
141,36.300,1896.2402,Piano,3,16,26,44,piano_snd026,0.15,True,True,16,PLAYED
142,36.300,1896.2402,Piano,0,14,38,44,piano_snd038,0.15,True,True,14,PLAYED
143,36.300,1896.2402,Piano,1,15,34,44,piano_snd034,0.15,True,True,15,PLAYED
144,36.483,1896.4201,Piano,3,0,10,44,piano_snd010,0.15,True,True,0,PLAYED
145,36.483,1896.4201,Piano,4,17,22,44,piano_snd022,0.15,True,True,17,PLAYED
146,36.484,1896.4201,Piano,5,14,15,44,piano_snd015,0.15,True,True,14,PLAYED
147,36.666,1896.6001,Piano,1,15,34,44,piano_snd034,0.15,True,True,15,PLAYED
148,36.832,1896.7684,Piano,5,14,15,44,piano_snd015,0.15,True,True,14,PLAYED
149,36.832,1896.7684,Piano,3,12,22,44,piano_snd022,0.15,True,True,12,PLAYED
150,36.983,1896.9194,Piano,1,15,34,44,piano_snd034,0.15,True,True,15,PLAYED
151,37.150,1897.0877,Piano,5,15,16,44,piano_snd016,0.15,True,True,15,PLAYED
152,37.150,1897.0877,Piano,3,14,24,44,piano_snd024,0.15,True,True,14,PLAYED
153,37.333,1897.2677,Piano,1,15,34,44,piano_snd034,0.15,True,True,15,PLAYED
154,37.483,1897.4186,Piano,5,17,18,44,piano_snd018,0.15,True,True,17,PLAYED
155,37.483,1897.4186,Piano,3,16,26,44,piano_snd026,0.15,True,True,16,PLAYED
156,37.666,1897.5985,Piano,1,15,34,44,piano_snd034,0.15,True,True,15,PLAYED
157,37.850,1897.7901,Piano,5,18,19,44,piano_snd019,0.15,True,True,18,PLAYED
158,37.850,1897.7901,Piano,3,17,27,44,piano_snd027,0.15,True,True,17,PLAYED
159,38.000,1897.9410,Piano,1,15,34,44,piano_snd034,0.15,True,True,15,PLAYED
160,38.184,1898.1152,Piano,2,14,29,44,piano_snd029,0.15,True,True,14,PLAYED
161,38.184,1898.1152,Piano,4,15,20,44,piano_snd020,0.15,True,True,15,PLAYED
162,38.383,1898.3184,Piano,1,15,34,44,piano_snd034,0.15,True,True,15,PLAYED
163,38.516,1898.4461,Piano,3,16,26,44,piano_snd026,0.15,True,True,16,PLAYED
164,38.516,1898.4461,Piano,5,17,18,44,piano_snd018,0.15,True,True,17,PLAYED
165,38.699,1898.6376,Piano,1,15,34,44,piano_snd034,0.15,True,True,15,PLAYED
166,38.882,1898.8176,Piano,4,15,20,44,piano_snd020,0.15,True,True,15,PLAYED
167,38.883,1898.8176,Piano,2,14,29,44,piano_snd029,0.15,True,True,14,PLAYED
168,39.016,1898.9569,Piano,1,15,34,44,piano_snd034,0.15,True,True,15,PLAYED
169,39.216,1899.1485,Piano,4,13,18,44,piano_snd018,0.15,True,True,13,PLAYED
170,39.216,1899.1485,Piano,2,12,27,44,piano_snd027,0.15,True,True,12,PLAYED
171,39.366,1899.2994,Piano,0,10,34,44,piano_snd034,0.15,True,True,10,PLAYED
172,39.550,1899.4910,Piano,1,13,32,44,piano_snd032,0.15,True,True,13,PLAYED
173,39.550,1899.4910,Piano,3,13,23,44,piano_snd023,0.15,True,True,13,PLAYED
174,39.700,1899.6419,Piano,0,10,34,44,piano_snd034,0.15,True,True,10,PLAYED
175,39.917,1899.8625,Piano,3,12,22,44,piano_snd022,0.15,True,True,12,PLAYED
176,39.917,1899.8625,Piano,1,11,30,44,piano_snd030,0.15,True,True,11,PLAYED
177,40.083,1900.0192,Piano,0,10,34,44,piano_snd034,0.15,True,True,10,PLAYED
178,40.217,1900.1527,Piano,1,10,29,44,piano_snd029,0.15,True,True,10,PLAYED
179,40.217,1900.1527,Piano,3,10,20,44,piano_snd020,0.15,True,True,10,PLAYED
180,40.399,1900.3385,Piano,0,10,34,44,piano_snd034,0.15,True,True,10,PLAYED
181,40.584,1900.5243,Piano,1,8,27,44,piano_snd027,0.15,True,True,8,PLAYED
182,40.584,1900.5243,Piano,3,8,18,44,piano_snd018,0.15,True,True,8,PLAYED
183,40.766,1900.6984,Piano,0,10,34,44,piano_snd034,0.15,True,True,10,PLAYED
184,40.900,1900.8377,Piano,1,7,26,44,piano_snd026,0.15,True,True,7,PLAYED
185,40.900,1900.8377,Piano,3,7,17,44,piano_snd017,0.15,True,True,7,PLAYED
186,41.100,1901.0351,Piano,0,10,34,44,piano_snd034,0.15,True,True,10,PLAYED
187,41.266,1901.1976,Piano,4,10,15,44,piano_snd015,0.15,True,True,10,PLAYED
188,41.267,1901.1976,Piano,2,8,23,44,piano_snd023,0.15,True,True,8,PLAYED
189,41.432,1901.3660,Piano,0,9,33,44,piano_snd033,0.15,True,True,9,PLAYED
190,41.583,1901.5169,Piano,4,9,14,44,piano_snd014,0.15,True,True,9,PLAYED
191,41.583,1901.5169,Piano,3,0,10,44,piano_snd010,0.15,True,True,0,PLAYED
192,41.584,1901.5169,Piano,2,7,22,44,piano_snd022,0.15,True,True,7,PLAYED
193,41.750,1901.6911,Piano,0,10,34,44,piano_snd034,0.15,True,True,10,PLAYED
194,41.951,1901.8884,Piano,2,7,22,44,piano_snd022,0.15,True,True,7,PLAYED
195,41.951,1901.8884,Piano,4,9,14,44,piano_snd014,0.15,True,True,9,PLAYED
196,42.101,1902.0394,Piano,0,10,34,44,piano_snd034,0.15,True,True,10,PLAYED
197,42.266,1902.2019,Piano,2,7,22,44,piano_snd022,0.15,True,True,7,PLAYED
198,42.267,1902.2019,Piano,4,9,14,44,piano_snd014,0.15,True,True,9,PLAYED
199,42.449,1902.3877,Piano,0,10,34,44,piano_snd034,0.15,True,True,10,PLAYED
200,42.600,1902.5386,Piano,2,9,24,44,piano_snd024,0.15,True,True,9,PLAYED
201,42.600,1902.5386,Piano,4,10,15,44,piano_snd015,0.15,True,True,10,PLAYED
202,42.767,1902.7011,Piano,0,10,34,44,piano_snd034,0.15,True,True,10,PLAYED
203,42.966,1902.8985,Piano,1,7,26,44,piano_snd026,0.15,True,True,7,PLAYED
204,42.966,1902.8985,Piano,3,7,17,44,piano_snd017,0.15,True,True,7,PLAYED
205,43.133,1903.0668,Piano,0,10,34,44,piano_snd034,0.15,True,True,10,PLAYED
206,43.283,1903.2178,Piano,1,8,27,44,piano_snd027,0.15,True,True,8,PLAYED
207,43.284,1903.2178,Piano,3,8,18,44,piano_snd018,0.15,True,True,8,PLAYED
208,43.483,1903.4151,Piano,0,10,34,44,piano_snd034,0.15,True,True,10,PLAYED
209,43.666,1903.6067,Piano,1,10,29,44,piano_snd029,0.15,True,True,10,PLAYED
210,43.666,1903.6067,Piano,3,10,20,44,piano_snd020,0.15,True,True,10,PLAYED
211,43.799,1903.7344,Piano,0,10,34,44,piano_snd034,0.15,True,True,10,PLAYED
212,43.984,1903.9202,Piano,1,7,26,44,piano_snd026,0.15,True,True,7,PLAYED
213,43.984,1903.9202,Piano,3,7,17,44,piano_snd017,0.15,True,True,7,PLAYED
214,44.159,1904.1001,Piano,0,10,34,44,piano_snd034,0.15,True,True,10,PLAYED
215,44.309,1904.2511,Piano,1,10,29,44,piano_snd029,0.15,True,True,10,PLAYED
216,44.309,1904.2511,Piano,3,10,20,44,piano_snd020,0.15,True,True,10,PLAYED
217,44.493,1904.4310,Piano,0,10,34,44,piano_snd034,0.15,True,True,10,PLAYED
218,44.659,1904.5994,Piano,1,8,27,44,piano_snd027,0.15,True,True,8,PLAYED
219,44.659,1904.5994,Piano,3,8,18,44,piano_snd018,0.15,True,True,8,PLAYED
220,44.809,1904.7503,Piano,0,10,34,44,piano_snd034,0.15,True,True,10,PLAYED
221,44.976,1904.9070,Piano,2,8,23,44,piano_snd023,0.15,True,True,8,PLAYED
222,44.976,1904.9070,Piano,0,8,32,44,piano_snd032,0.15,True,True,8,PLAYED
223,45.159,1905.0986,Piano,0,10,34,44,piano_snd034,0.15,True,True,10,PLAYED
224,45.326,1905.2611,Piano,2,7,22,44,piano_snd022,0.15,True,True,7,PLAYED
225,45.327,1905.2611,Piano,0,6,30,44,piano_snd030,0.15,True,True,6,PLAYED
226,45.526,1905.4585,Piano,0,10,34,44,piano_snd034,0.15,True,True,10,PLAYED
227,45.676,1905.6152,Piano,1,10,29,44,piano_snd029,0.15,True,True,10,PLAYED
228,45.676,1905.6152,Piano,3,10,20,44,piano_snd020,0.15,True,True,10,PLAYED
229,45.859,1905.7952,Piano,0,10,34,44,piano_snd034,0.15,True,True,10,PLAYED
230,46.009,1905.9461,Piano,1,8,27,44,piano_snd027,0.15,True,True,8,PLAYED
231,46.009,1905.9461,Piano,3,8,18,44,piano_snd018,0.15,True,True,8,PLAYED
232,46.176,1906.1087,Piano,0,10,34,44,piano_snd034,0.15,True,True,10,PLAYED
233,46.359,1906.2944,Piano,1,7,26,44,piano_snd026,0.15,True,True,7,PLAYED
234,46.359,1906.2944,Piano,3,7,17,44,piano_snd017,0.15,True,True,7,PLAYED
235,46.543,1906.4802,Piano,0,10,34,44,piano_snd034,0.15,True,True,10,PLAYED
236,46.742,1906.6776,Piano,1,8,27,44,piano_snd027,0.15,True,True,8,PLAYED
237,46.742,1906.6776,Piano,3,10,20,44,piano_snd020,0.15,True,True,10,PLAYED
238,46.876,1906.8111,Piano,0,9,33,44,piano_snd033,0.15,True,True,9,PLAYED
239,47.043,1906.9794,Piano,2,7,22,44,piano_snd022,0.15,True,True,7,PLAYED
240,47.043,1906.9794,Piano,4,9,14,44,piano_snd014,0.15,True,True,9,PLAYED
241,47.043,1906.9794,Piano,3,0,10,44,piano_snd010,0.15,True,True,0,PLAYED
242,47.227,1907.1594,Piano,0,10,34,44,piano_snd034,0.15,True,True,10,PLAYED
243,47.376,1907.3103,Piano,1,4,23,44,piano_snd023,0.15,True,True,4,PLAYED
244,47.376,1907.3103,Piano,3,0,10,44,piano_snd010,0.15,True,True,0,PLAYED
245,47.376,1907.3103,Piano,2,0,15,44,piano_snd015,0.15,True,True,0,PLAYED
246,47.543,1907.4786,Piano,0,9,33,44,piano_snd033,0.15,True,True,9,PLAYED
247,47.726,1907.6586,Piano,3,0,10,44,piano_snd010,0.15,True,True,0,PLAYED
248,47.726,1907.6586,Piano,2,7,22,44,piano_snd022,0.15,True,True,7,PLAYED
249,47.726,1907.6586,Piano,4,9,14,44,piano_snd014,0.15,True,True,9,PLAYED
250,47.926,1907.8618,Piano,0,10,34,44,piano_snd034,0.15,True,True,10,PLAYED
251,48.076,1908.0127,Piano,3,0,10,44,piano_snd010,0.15,True,True,0,PLAYED
252,48.076,1908.0127,Piano,2,0,15,44,piano_snd015,0.15,True,True,0,PLAYED
253,48.076,1908.0127,Piano,1,4,23,44,piano_snd023,0.15,True,True,4,PLAYED
254,48.242,1908.1752,Piano,0,9,33,44,piano_snd033,0.15,True,True,9,PLAYED
255,48.409,1908.3436,Piano,4,9,14,44,piano_snd014,0.15,True,True,9,PLAYED
256,48.409,1908.3436,Piano,3,0,10,44,piano_snd010,0.15,True,True,0,PLAYED
257,48.409,1908.3436,Piano,2,7,22,44,piano_snd022,0.15,True,True,7,PLAYED
258,48.609,1908.5468,Piano,0,10,34,44,piano_snd034,0.15,True,True,10,PLAYED
259,48.759,1908.6861,Piano,2,0,15,44,piano_snd015,0.15,True,True,0,PLAYED
260,48.759,1908.6861,Piano,1,4,23,44,piano_snd023,0.15,True,True,4,PLAYED
261,48.759,1908.6861,Piano,3,0,10,44,piano_snd010,0.15,True,True,0,PLAYED
262,48.942,1908.8776,Piano,0,9,33,44,piano_snd033,0.15,True,True,9,PLAYED
263,49.092,1909.0286,Piano,3,0,10,44,piano_snd010,0.15,True,True,0,PLAYED
264,49.092,1909.0286,Piano,2,7,22,44,piano_snd022,0.15,True,True,7,PLAYED
265,49.092,1909.0286,Piano,4,9,14,44,piano_snd014,0.15,True,True,9,PLAYED
266,49.259,1909.1969,Piano,0,10,34,44,piano_snd034,0.15,True,True,10,PLAYED
267,49.442,1909.3769,Piano,1,4,23,44,piano_snd023,0.15,True,True,4,PLAYED
268,49.443,1909.3769,Piano,3,0,10,44,piano_snd010,0.15,True,True,0,PLAYED
269,49.443,1909.3769,Piano,2,0,15,44,piano_snd015,0.15,True,True,0,PLAYED
270,49.626,1909.5568,Piano,0,9,33,44,piano_snd033,0.15,True,True,9,PLAYED
271,49.776,1909.7078,Piano,2,7,22,44,piano_snd022,0.15,True,True,7,PLAYED
272,49.776,1909.7078,Piano,4,9,14,44,piano_snd014,0.15,True,True,9,PLAYED
273,49.776,1909.7078,Piano,3,0,10,44,piano_snd010,0.15,True,True,0,PLAYED
274,49.776,1909.7078,Piano,0,10,34,44,piano_snd034,0.15,True,True,10,PLAYED
275,49.926,1909.8587,Piano,3,0,10,44,piano_snd010,0.15,True,True,0,PLAYED
276,51.325,1911.2577,Piano,5,3,4,44,piano_snd004,0.15,True,True,3,PLAYED
277,51.493,1911.4260,Piano,4,1,6,44,piano_snd006,0.15,True,True,1,PLAYED
278,51.676,1911.6060,Piano,3,0,10,44,piano_snd010,0.15,True,True,0,PLAYED
279,51.842,1911.7801,Piano,5,3,4,44,piano_snd004,0.15,True,True,3,PLAYED
280,51.976,1911.9195,Piano,4,1,6,44,piano_snd006,0.15,True,True,1,PLAYED
281,52.159,1912.0994,Piano,3,0,10,44,piano_snd010,0.15,True,True,0,PLAYED
282,52.326,1912.2620,Piano,2,0,15,44,piano_snd015,0.15,True,True,0,PLAYED
283,52.509,1912.4419,Piano,4,1,6,44,piano_snd006,0.15,True,True,1,PLAYED
284,52.676,1912.6102,Piano,3,0,10,44,piano_snd010,0.15,True,True,0,PLAYED
285,52.859,1912.8018,Piano,2,0,15,44,piano_snd015,0.15,True,True,0,PLAYED
286,53.025,1912.9585,Piano,2,3,18,44,piano_snd018,0.15,True,True,3,PLAYED
287,53.192,1913.1327,Piano,3,0,10,44,piano_snd010,0.15,True,True,0,PLAYED
288,53.359,1913.2952,Piano,2,0,15,44,piano_snd015,0.15,True,True,0,PLAYED
289,53.543,1913.4752,Piano,2,3,18,44,piano_snd018,0.15,True,True,3,PLAYED
290,53.692,1913.6261,Piano,1,3,22,44,piano_snd022,0.15,True,True,3,PLAYED
291,53.892,1913.8293,Piano,2,0,15,44,piano_snd015,0.15,True,True,0,PLAYED
292,54.025,1913.9570,Piano,2,3,18,44,piano_snd018,0.15,True,True,3,PLAYED
293,54.210,1914.1486,Piano,1,3,22,44,piano_snd022,0.15,True,True,3,PLAYED
294,54.376,1914.3111,Piano,0,3,27,44,piano_snd027,0.15,True,True,3,PLAYED
295,54.559,1914.4969,Piano,2,3,18,44,piano_snd018,0.15,True,True,3,PLAYED
296,54.726,1914.6594,Piano,1,3,22,44,piano_snd022,0.15,True,True,3,PLAYED
297,54.893,1914.8278,Piano,0,3,27,44,piano_snd027,0.15,True,True,3,PLAYED
298,55.060,1915.0019,Piano,0,6,30,44,piano_snd030,0.15,True,True,6,PLAYED
299,55.226,1915.1702,Piano,0,6,30,44,piano_snd030,0.15,True,True,6,PLAYED
300,55.409,1915.3502,Piano,0,10,34,44,piano_snd034,0.15,True,True,10,PLAYED
301,55.551,1915.4895,Piano,0,15,39,44,piano_snd039,0.15,True,True,15,PLAYED
302,55.751,1915.6869,Piano,1,15,34,44,piano_snd034,0.15,True,True,15,PLAYED
303,55.751,1915.6869,Piano,5,3,4,44,piano_snd004,0.15,True,True,3,PLAYED
304,55.751,1915.6869,Piano,0,18,42,44,piano_snd042,0.15,True,True,18,PLAYED
305,55.901,1915.8378,Piano,1,15,34,44,piano_snd034,0.15,True,True,15,PLAYED
306,55.901,1915.8378,Piano,0,18,42,44,piano_snd042,0.15,True,True,18,PLAYED
307,56.084,1916.0178,Piano,5,6,7,44,piano_snd007,0.15,True,True,6,PLAYED
308,56.234,1916.1687,Piano,4,4,9,44,piano_snd009,0.15,True,True,4,PLAYED
309,56.235,1916.1687,Piano,5,3,4,44,piano_snd004,0.15,True,True,3,PLAYED
310,56.400,1916.3371,Piano,3,5,15,44,piano_snd015,0.15,True,True,5,PLAYED
311,56.600,1916.5402,Piano,2,3,18,44,piano_snd018,0.15,True,True,3,PLAYED
312,56.601,1916.5402,Piano,5,0,1,44,piano_snd001,0.15,True,True,0,PLAYED
313,56.735,1916.6679,Piano,4,4,9,44,piano_snd009,0.15,True,True,4,PLAYED
314,56.918,1916.8479,Piano,2,0,15,44,piano_snd015,0.15,True,True,0,PLAYED
315,56.918,1916.8479,Piano,5,3,4,44,piano_snd004,0.15,True,True,3,PLAYED
316,57.118,1917.0569,Piano,2,3,18,44,piano_snd018,0.15,True,True,3,PLAYED
317,57.283,1917.2194,Piano,5,0,1,44,piano_snd001,0.15,True,True,0,PLAYED
318,57.284,1917.2194,Piano,1,2,21,44,piano_snd021,0.15,True,True,2,PLAYED
319,57.434,1917.3703,Piano,2,0,15,44,piano_snd015,0.15,True,True,0,PLAYED
320,57.618,1917.5619,Piano,5,3,4,44,piano_snd004,0.15,True,True,3,PLAYED
321,57.618,1917.5619,Piano,2,3,18,44,piano_snd018,0.15,True,True,3,PLAYED
322,57.785,1917.7186,Piano,1,2,21,44,piano_snd021,0.15,True,True,2,PLAYED
323,58.001,1917.9392,Piano,5,0,1,44,piano_snd001,0.15,True,True,0,PLAYED
324,58.001,1917.9392,Piano,0,3,27,44,piano_snd027,0.15,True,True,3,PLAYED
325,58.134,1918.0727,Piano,2,3,18,44,piano_snd018,0.15,True,True,3,PLAYED
326,58.284,1918.2179,Piano,1,2,21,44,piano_snd021,0.15,True,True,2,PLAYED
327,58.285,1918.2179,Piano,5,3,4,44,piano_snd004,0.15,True,True,3,PLAYED
328,58.467,1918.3978,Piano,0,3,27,44,piano_snd027,0.15,True,True,3,PLAYED
329,58.651,1918.5894,Piano,0,6,30,44,piano_snd030,0.15,True,True,6,PLAYED
330,58.651,1918.5894,Piano,5,0,1,44,piano_snd001,0.15,True,True,0,PLAYED
331,58.833,1918.7693,Piano,2,6,21,44,piano_snd021,0.15,True,True,6,PLAYED
332,58.985,1918.9145,Piano,0,3,27,44,piano_snd027,0.15,True,True,3,PLAYED
333,58.985,1918.9145,Piano,5,3,4,44,piano_snd004,0.15,True,True,3,PLAYED
334,59.151,1919.0886,Piano,0,6,30,44,piano_snd030,0.15,True,True,6,PLAYED
335,59.300,1919.2395,Piano,0,9,33,44,piano_snd033,0.15,True,True,9,PLAYED
336,59.300,1919.2395,Piano,5,0,1,44,piano_snd001,0.15,True,True,0,PLAYED
337,59.500,1919.4369,Piano,1,8,27,44,piano_snd027,0.15,True,True,8,PLAYED
338,59.651,1919.5878,Piano,0,6,30,44,piano_snd030,0.15,True,True,6,PLAYED
339,59.651,1919.5878,Piano,5,3,4,44,piano_snd004,0.15,True,True,3,PLAYED
340,59.818,1919.7504,Piano,0,9,33,44,piano_snd033,0.15,True,True,9,PLAYED
341,59.984,1919.9187,Piano,5,0,1,44,piano_snd001,0.15,True,True,0,PLAYED
342,59.985,1919.9187,Piano,0,15,39,44,piano_snd039,0.15,True,True,15,PLAYED
343,60.167,1920.0987,Piano,2,15,30,44,piano_snd030,0.15,True,True,15,PLAYED
344,60.351,1920.2902,Piano,0,9,33,44,piano_snd033,0.15,True,True,9,PLAYED
345,60.352,1920.2902,Piano,5,3,4,44,piano_snd004,0.15,True,True,3,PLAYED
346,60.500,1920.4412,Piano,0,15,39,44,piano_snd039,0.15,True,True,15,PLAYED
347,60.667,1920.6095,Piano,2,15,30,44,piano_snd030,0.15,True,True,15,PLAYED
348,60.668,1920.6095,Piano,5,0,1,44,piano_snd001,0.15,True,True,0,PLAYED
349,60.668,1920.6095,Piano,0,18,42,44,piano_snd042,0.15,True,True,18,PLAYED
350,60.868,1920.8069,Piano,0,18,42,44,piano_snd042,0.15,True,True,18,PLAYED
351,60.868,1920.8069,Piano,2,15,30,44,piano_snd030,0.15,True,True,15,PLAYED
352,60.868,1920.8069,Piano,5,3,4,44,piano_snd004,0.15,True,True,3,PLAYED
353,61.018,1920.9578,Piano,4,0,5,44,piano_snd005,0.15,True,True,0,PLAYED
354,61.200,1921.1378,Piano,3,2,12,44,piano_snd012,0.15,True,True,2,PLAYED
355,61.201,1921.1378,Piano,4,0,5,44,piano_snd005,0.15,True,True,0,PLAYED
356,61.367,1921.3061,Piano,2,0,15,44,piano_snd015,0.15,True,True,0,PLAYED
357,61.518,1921.4571,Piano,2,2,17,44,piano_snd017,0.15,True,True,2,PLAYED
358,61.734,1921.6660,Piano,3,2,12,44,piano_snd012,0.15,True,True,2,PLAYED
359,61.884,1921.8170,Piano,2,0,15,44,piano_snd015,0.15,True,True,0,PLAYED
360,61.885,1921.8170,Piano,4,0,5,44,piano_snd005,0.15,True,True,0,PLAYED
361,62.050,1921.9911,Piano,2,2,17,44,piano_snd017,0.15,True,True,2,PLAYED
362,62.201,1922.1362,Piano,0,0,24,44,piano_snd024,0.15,True,True,0,PLAYED
363,62.401,1922.3394,Piano,2,0,15,44,piano_snd015,0.15,True,True,0,PLAYED
364,62.567,1922.5078,Piano,3,0,10,44,piano_snd010,0.15,True,True,0,PLAYED
365,62.568,1922.5078,Piano,2,2,17,44,piano_snd017,0.15,True,True,2,PLAYED
366,62.734,1922.6703,Piano,0,0,24,44,piano_snd024,0.15,True,True,0,PLAYED
367,62.884,1922.8212,Piano,0,3,27,44,piano_snd027,0.15,True,True,3,PLAYED
368,63.067,1923.0128,Piano,2,2,17,44,piano_snd017,0.15,True,True,2,PLAYED
369,63.251,1923.1927,Piano,0,0,24,44,piano_snd024,0.15,True,True,0,PLAYED
370,63.251,1923.1927,Piano,4,0,5,44,piano_snd005,0.15,True,True,0,PLAYED
371,63.417,1923.3553,Piano,0,3,27,44,piano_snd027,0.15,True,True,3,PLAYED
372,63.568,1923.5062,Piano,0,5,29,44,piano_snd029,0.15,True,True,5,PLAYED
373,63.751,1923.6862,Piano,0,0,24,44,piano_snd024,0.15,True,True,0,PLAYED
374,63.934,1923.8661,Piano,0,3,27,44,piano_snd027,0.15,True,True,3,PLAYED
375,63.934,1923.8661,Piano,4,0,5,44,piano_snd005,0.15,True,True,0,PLAYED
376,64.085,1924.0171,Piano,0,5,29,44,piano_snd029,0.15,True,True,5,PLAYED
377,64.284,1924.2202,Piano,0,12,36,44,piano_snd036,0.15,True,True,12,PLAYED
378,64.418,1924.3595,Piano,2,12,27,44,piano_snd027,0.15,True,True,12,PLAYED
379,64.601,1924.5395,Piano,1,10,29,44,piano_snd029,0.15,True,True,10,PLAYED
380,64.601,1924.5395,Piano,4,0,5,44,piano_snd005,0.15,True,True,0,PLAYED
381,64.785,1924.7195,Piano,0,12,36,44,piano_snd036,0.15,True,True,12,PLAYED
382,64.967,1924.9110,Piano,0,15,39,44,piano_snd039,0.15,True,True,15,PLAYED
383,65.101,1925.0387,Piano,0,12,36,44,piano_snd036,0.15,True,True,12,PLAYED
384,65.283,1925.2187,Piano,4,0,5,44,piano_snd005,0.15,True,True,0,PLAYED
385,65.284,1925.2187,Piano,1,10,29,44,piano_snd029,0.15,True,True,10,PLAYED
386,65.467,1925.4102,Piano,1,8,27,44,piano_snd027,0.15,True,True,8,PLAYED
387,65.651,1925.5902,Piano,0,12,36,44,piano_snd036,0.15,True,True,12,PLAYED
388,65.801,1925.7411,Piano,1,10,29,44,piano_snd029,0.15,True,True,10,PLAYED
389,66.001,1925.9385,Piano,1,8,27,44,piano_snd027,0.15,True,True,8,PLAYED
390,66.001,1925.9385,Piano,4,0,5,44,piano_snd005,0.15,True,True,0,PLAYED
391,66.134,1926.0662,Piano,0,0,24,44,piano_snd024,0.15,True,True,0,PLAYED
392,66.317,1926.2578,Piano,0,1,25,44,piano_snd025,0.15,True,True,1,PLAYED
393,66.500,1926.4377,Piano,4,0,5,44,piano_snd005,0.15,True,True,0,PLAYED
394,66.651,1926.5887,Piano,5,1,2,44,piano_snd002,0.15,True,True,1,PLAYED
395,66.818,1926.7570,Piano,4,0,5,44,piano_snd005,0.15,True,True,0,PLAYED
396,66.984,1926.9195,Piano,0,5,29,44,piano_snd029,0.15,True,True,5,PLAYED
397,67.152,1927.0879,Piano,4,0,5,44,piano_snd005,0.15,True,True,0,PLAYED
398,67.352,1927.2911,Piano,5,1,2,44,piano_snd002,0.15,True,True,1,PLAYED
399,67.500,1927.4420,Piano,4,0,5,44,piano_snd005,0.15,True,True,0,PLAYED
400,67.677,1927.6220,Piano,4,0,5,44,piano_snd005,0.15,True,True,0,PLAYED
401,67.843,1927.7787,Piano,5,1,2,44,piano_snd002,0.15,True,True,1,PLAYED
402,68.010,1927.9528,Piano,4,0,5,44,piano_snd005,0.15,True,True,0,PLAYED
403,68.160,1928.1038,Piano,0,1,25,44,piano_snd025,0.15,True,True,1,PLAYED
404,68.360,1928.3011,Piano,4,0,5,44,piano_snd005,0.15,True,True,0,PLAYED
405,68.527,1928.4579,Piano,5,1,2,44,piano_snd002,0.15,True,True,1,PLAYED
406,68.710,1928.6436,Piano,4,0,5,44,piano_snd005,0.15,True,True,0,PLAYED
407,68.710,1928.6436,Piano,1,3,22,44,piano_snd022,0.15,True,True,3,PLAYED
408,68.860,1928.7946,Piano,5,0,1,44,piano_snd001,0.15,True,True,0,PLAYED
409,68.860,1928.7946,Piano,1,2,21,44,piano_snd021,0.15,True,True,2,PLAYED
410,68.926,1928.8642,Piano,1,3,22,44,piano_snd022,0.15,True,True,3,PLAYED
411,69.027,1928.9571,Piano,0,0,24,44,piano_snd024,0.15,True,True,0,PLAYED
412,69.110,1929.0500,Piano,4,0,5,44,piano_snd005,0.15,True,True,0,PLAYED
413,69.111,1929.0500,Piano,1,3,22,44,piano_snd022,0.15,True,True,3,PLAYED
414,69.277,1929.2067,Piano,5,3,4,44,piano_snd004,0.15,True,True,3,PLAYED
415,69.459,1929.3983,Piano,4,0,5,44,piano_snd005,0.15,True,True,0,PLAYED
416,69.643,1929.5782,Piano,5,0,1,44,piano_snd001,0.15,True,True,0,PLAYED
417,69.643,1929.5782,Piano,1,2,21,44,piano_snd021,0.15,True,True,2,PLAYED
418,69.810,1929.7466,Piano,4,0,5,44,piano_snd005,0.15,True,True,0,PLAYED
419,69.960,1929.8975,Piano,5,3,4,44,piano_snd004,0.15,True,True,3,PLAYED
420,70.128,1930.0717,Piano,4,0,5,44,piano_snd005,0.15,True,True,0,PLAYED
421,70.327,1930.2574,Piano,5,0,1,44,piano_snd001,0.15,True,True,0,PLAYED
422,70.510,1930.4490,Piano,4,0,5,44,piano_snd005,0.15,True,True,0,PLAYED
423,70.677,1930.6115,Piano,1,2,21,44,piano_snd021,0.15,True,True,2,PLAYED
424,70.677,1930.6115,Piano,5,3,4,44,piano_snd004,0.15,True,True,3,PLAYED
425,70.810,1930.7508,Piano,4,0,5,44,piano_snd005,0.15,True,True,0,PLAYED
426,71.010,1930.9482,Piano,0,5,29,44,piano_snd029,0.15,True,True,5,PLAYED
427,71.010,1930.9482,Piano,5,0,1,44,piano_snd001,0.15,True,True,0,PLAYED
428,71.178,1931.1049,Piano,4,0,5,44,piano_snd005,0.15,True,True,0,PLAYED
429,71.343,1931.2791,Piano,5,3,4,44,piano_snd004,0.15,True,True,3,PLAYED
430,71.526,1931.4590,Piano,1,2,21,44,piano_snd021,0.15,True,True,2,PLAYED
431,71.526,1931.4590,Piano,4,0,5,44,piano_snd005,0.15,True,True,0,PLAYED
432,71.677,1931.6100,Piano,5,1,2,44,piano_snd002,0.15,True,True,1,PLAYED
433,71.677,1931.6100,Piano,0,0,24,44,piano_snd024,0.15,True,True,0,PLAYED
434,71.843,1931.7783,Piano,4,0,5,44,piano_snd005,0.15,True,True,0,PLAYED
435,72.010,1931.9467,Piano,5,1,2,44,piano_snd002,0.15,True,True,1,PLAYED
436,72.176,1932.1092,Piano,4,0,5,44,piano_snd005,0.15,True,True,0,PLAYED
437,72.344,1932.2776,Piano,5,1,2,44,piano_snd002,0.15,True,True,1,PLAYED
438,72.344,1932.2776,Piano,1,3,22,44,piano_snd022,0.15,True,True,3,PLAYED
439,72.543,1932.4807,Piano,4,0,5,44,piano_snd005,0.15,True,True,0,PLAYED
440,72.727,1932.6723,Piano,5,1,2,44,piano_snd002,0.15,True,True,1,PLAYED
441,72.877,1932.8174,Piano,4,0,5,44,piano_snd005,0.15,True,True,0,PLAYED
442,73.027,1932.9683,Piano,5,1,2,44,piano_snd002,0.15,True,True,1,PLAYED
443,73.226,1933.1715,Piano,4,0,5,44,piano_snd005,0.15,True,True,0,PLAYED
444,73.393,1933.3341,Piano,1,3,22,44,piano_snd022,0.15,True,True,3,PLAYED
445,73.393,1933.3341,Piano,5,1,2,44,piano_snd002,0.15,True,True,1,PLAYED
446,73.544,1933.4734,Piano,4,0,5,44,piano_snd005,0.15,True,True,0,PLAYED
447,73.710,1933.6475,Piano,5,1,2,44,piano_snd002,0.15,True,True,1,PLAYED
448,73.710,1933.6475,Piano,0,5,29,44,piano_snd029,0.15,True,True,5,PLAYED
449,73.876,1933.8159,Piano,4,0,5,44,piano_snd005,0.15,True,True,0,PLAYED
450,74.076,1934.0074,Piano,5,1,2,44,piano_snd002,0.15,True,True,1,PLAYED
451,74.227,1934.1584,Piano,1,3,22,44,piano_snd022,0.15,True,True,3,PLAYED
452,74.227,1934.1584,Piano,4,0,5,44,piano_snd005,0.15,True,True,0,PLAYED
453,74.426,1934.3557,Piano,0,1,25,44,piano_snd025,0.15,True,True,1,PLAYED
454,74.593,1934.5299,Piano,4,0,5,44,piano_snd005,0.15,True,True,0,PLAYED
455,74.744,1934.6808,Piano,4,0,5,44,piano_snd005,0.15,True,True,0,PLAYED
456,74.910,1934.8492,Piano,0,0,24,44,piano_snd024,0.15,True,True,0,PLAYED
457,75.094,1935.0291,Piano,4,0,5,44,piano_snd005,0.15,True,True,0,PLAYED
458,75.245,1935.1800,Piano,4,0,5,44,piano_snd005,0.15,True,True,0,PLAYED
459,75.427,1935.3716,Piano,4,0,5,44,piano_snd005,0.15,True,True,0,PLAYED
460,75.626,1935.5690,Piano,0,0,24,44,piano_snd024,0.15,True,True,0,PLAYED
461,75.760,1935.7025,Piano,4,0,5,44,piano_snd005,0.15,True,True,0,PLAYED
462,75.927,1935.8708,Piano,0,5,29,44,piano_snd029,0.15,True,True,5,PLAYED
463,76.126,1936.0566,Piano,4,0,5,44,piano_snd005,0.15,True,True,0,PLAYED
464,76.277,1936.2191,Piano,4,0,5,44,piano_snd005,0.15,True,True,0,PLAYED
465,76.277,1936.2191,Piano,0,0,24,44,piano_snd024,0.15,True,True,0,PLAYED
466,76.443,1936.3759,Piano,0,1,25,44,piano_snd025,0.15,True,True,1,PLAYED
467,76.626,1936.5558,Piano,4,0,5,44,piano_snd005,0.15,True,True,0,PLAYED
468,76.793,1936.7300,Piano,0,17,41,44,piano_snd041,0.15,True,True,17,PLAYED
469,76.793,1936.7300,Piano,1,10,29,44,piano_snd029,0.15,True,True,10,PLAYED
470,76.793,1936.7300,Piano,5,1,2,44,piano_snd002,0.15,True,True,1,PLAYED
471,76.960,1936.8983,Piano,4,0,5,44,piano_snd005,0.15,True,True,0,PLAYED
472,77.160,1937.0957,Piano,4,0,5,44,piano_snd005,0.15,True,True,0,PLAYED
473,77.327,1937.2582,Piano,5,1,2,44,piano_snd002,0.15,True,True,1,PLAYED
474,77.327,1937.2582,Piano,0,17,41,44,piano_snd041,0.15,True,True,17,PLAYED
475,77.327,1937.2698,Piano,1,10,29,44,piano_snd029,0.15,True,True,10,PLAYED
476,77.477,1937.4208,Piano,4,0,5,44,piano_snd005,0.15,True,True,0,PLAYED
477,77.627,1937.5717,Piano,4,0,5,44,piano_snd005,0.15,True,True,0,PLAYED
478,77.843,1937.7807,Piano,0,17,41,44,piano_snd041,0.15,True,True,17,PLAYED
479,77.843,1937.7807,Piano,1,10,29,44,piano_snd029,0.15,True,True,10,PLAYED
480,77.843,1937.7807,Piano,5,1,2,44,piano_snd002,0.15,True,True,1,PLAYED
481,78.010,1937.9490,Piano,4,0,5,44,piano_snd005,0.15,True,True,0,PLAYED
482,78.160,1938.1000,Piano,0,13,37,44,piano_snd037,0.15,True,True,13,PLAYED
483,78.160,1938.1000,Piano,3,15,25,44,piano_snd025,0.15,True,True,15,PLAYED
484,78.326,1938.2625,Piano,4,0,5,44,piano_snd005,0.15,True,True,0,PLAYED
485,78.477,1938.4076,Piano,5,1,2,44,piano_snd002,0.15,True,True,1,PLAYED
486,78.478,1938.4076,Piano,0,10,34,44,piano_snd034,0.15,True,True,10,PLAYED
487,78.478,1938.4076,Piano,2,7,22,44,piano_snd022,0.15,True,True,7,PLAYED
488,78.659,1938.5934,Piano,4,0,5,44,piano_snd005,0.15,True,True,0,PLAYED
489,78.852,1938.7849,Piano,0,10,34,44,piano_snd034,0.15,True,True,10,PLAYED
490,78.853,1938.7849,Piano,3,12,22,44,piano_snd022,0.15,True,True,12,PLAYED
491,78.853,1938.7849,Piano,5,0,1,44,piano_snd001,0.15,True,True,0,PLAYED
492,79.020,1938.9591,Piano,4,0,5,44,piano_snd005,0.15,True,True,0,PLAYED
493,79.170,1939.1100,Piano,0,9,33,44,piano_snd033,0.15,True,True,9,PLAYED
494,79.170,1939.1100,Piano,2,6,21,44,piano_snd021,0.15,True,True,6,PLAYED
495,79.170,1939.1100,Piano,5,3,4,44,piano_snd004,0.15,True,True,3,PLAYED
496,79.353,1939.2900,Piano,4,0,5,44,piano_snd005,0.15,True,True,0,PLAYED
497,79.536,1939.4699,Piano,5,0,1,44,piano_snd001,0.15,True,True,0,PLAYED
498,79.686,1939.6209,Piano,4,0,5,44,piano_snd005,0.15,True,True,0,PLAYED
499,79.837,1939.7660,Piano,0,9,33,44,piano_snd033,0.15,True,True,9,PLAYED
500,79.837,1939.7660,Piano,2,6,21,44,piano_snd021,0.15,True,True,6,PLAYED
501,79.837,1939.7660,Piano,5,3,4,44,piano_snd004,0.15,True,True,3,PLAYED
502,80.020,1939.9576,Piano,4,0,5,44,piano_snd005,0.15,True,True,0,PLAYED
503,80.187,1940.1317,Piano,5,0,1,44,piano_snd001,0.15,True,True,0,PLAYED
504,80.404,1940.3407,Piano,4,0,5,44,piano_snd005,0.15,True,True,0,PLAYED
505,80.569,1940.5090,Piano,0,9,33,44,piano_snd033,0.15,True,True,9,PLAYED
506,80.570,1940.5090,Piano,2,6,21,44,piano_snd021,0.15,True,True,6,PLAYED
507,80.570,1940.5090,Piano,5,3,4,44,piano_snd004,0.15,True,True,3,PLAYED
508,80.720,1940.6600,Piano,4,0,5,44,piano_snd005,0.15,True,True,0,PLAYED
509,80.870,1940.8109,Piano,5,0,1,44,piano_snd001,0.15,True,True,0,PLAYED
510,80.870,1940.8109,Piano,3,19,29,44,piano_snd029,0.15,True,True,19,PLAYED
511,80.870,1940.8109,Piano,0,17,41,44,piano_snd041,0.15,True,True,17,PLAYED
512,81.053,1940.9850,Piano,4,0,5,44,piano_snd005,0.15,True,True,0,PLAYED
513,81.220,1941.1534,Piano,2,6,21,44,piano_snd021,0.15,True,True,6,PLAYED
514,81.220,1941.1534,Piano,0,9,33,44,piano_snd033,0.15,True,True,9,PLAYED
515,81.253,1941.1882,Piano,5,3,4,44,piano_snd004,0.15,True,True,3,PLAYED
516,81.403,1941.3391,Piano,4,0,5,44,piano_snd005,0.15,True,True,0,PLAYED
517,81.586,1941.5191,Piano,1,5,24,44,piano_snd024,0.15,True,True,5,PLAYED
518,81.586,1941.5191,Piano,5,1,2,44,piano_snd002,0.15,True,True,1,PLAYED
519,81.586,1941.5191,Piano,0,12,36,44,piano_snd036,0.15,True,True,12,PLAYED
520,81.753,1941.6874,Piano,4,0,5,44,piano_snd005,0.15,True,True,0,PLAYED
521,81.903,1941.8384,Piano,5,1,2,44,piano_snd002,0.15,True,True,1,PLAYED
522,81.903,1941.8384,Piano,0,10,34,44,piano_snd034,0.15,True,True,10,PLAYED
523,81.903,1941.8384,Piano,1,3,22,44,piano_snd022,0.15,True,True,3,PLAYED
524,82.070,1942.0067,Piano,4,0,5,44,piano_snd005,0.15,True,True,0,PLAYED
525,82.253,1942.1867,Piano,5,1,2,44,piano_snd002,0.15,True,True,1,PLAYED
526,82.403,1942.3376,Piano,4,0,5,44,piano_snd005,0.15,True,True,0,PLAYED
527,82.570,1942.5117,Piano,5,1,2,44,piano_snd002,0.15,True,True,1,PLAYED
528,82.570,1942.5117,Piano,0,10,34,44,piano_snd034,0.15,True,True,10,PLAYED
529,82.570,1942.5117,Piano,1,3,22,44,piano_snd022,0.15,True,True,3,PLAYED
530,82.770,1942.7091,Piano,4,0,5,44,piano_snd005,0.15,True,True,0,PLAYED
531,82.920,1942.8600,Piano,5,1,2,44,piano_snd002,0.15,True,True,1,PLAYED
532,83.087,1943.0226,Piano,4,0,5,44,piano_snd005,0.15,True,True,0,PLAYED
533,83.286,1943.2316,Piano,5,1,2,44,piano_snd002,0.15,True,True,1,PLAYED
534,83.286,1943.2316,Piano,0,10,34,44,piano_snd034,0.15,True,True,10,PLAYED
535,83.286,1943.2316,Piano,1,3,22,44,piano_snd022,0.15,True,True,3,PLAYED
536,83.436,1943.3825,Piano,4,0,5,44,piano_snd005,0.15,True,True,0,PLAYED
537,83.620,1943.5566,Piano,0,17,41,44,piano_snd041,0.15,True,True,17,PLAYED
538,83.620,1943.5566,Piano,1,10,29,44,piano_snd029,0.15,True,True,10,PLAYED
539,83.620,1943.5566,Piano,5,1,2,44,piano_snd002,0.15,True,True,1,PLAYED
540,83.787,1943.7250,Piano,4,0,5,44,piano_snd005,0.15,True,True,0,PLAYED
541,83.936,1943.8643,Piano,5,1,2,44,piano_snd002,0.15,True,True,1,PLAYED
542,83.936,1943.8643,Piano,0,10,34,44,piano_snd034,0.15,True,True,10,PLAYED
543,83.936,1943.8643,Piano,2,7,22,44,piano_snd022,0.15,True,True,7,PLAYED
544,84.103,1944.0385,Piano,4,0,5,44,piano_snd005,0.15,True,True,0,PLAYED
545,84.303,1944.2358,Piano,0,13,37,44,piano_snd037,0.15,True,True,13,PLAYED
546,84.303,1944.2358,Piano,2,10,25,44,piano_snd025,0.15,True,True,10,PLAYED
547,84.486,1944.4274,Piano,4,0,5,44,piano_snd005,0.15,True,True,0,PLAYED
548,84.636,1944.5667,Piano,0,12,36,44,piano_snd036,0.15,True,True,12,PLAYED
549,84.636,1944.5667,Piano,3,14,24,44,piano_snd024,0.15,True,True,14,PLAYED
550,84.787,1944.7234,Piano,4,0,5,44,piano_snd005,0.15,True,True,0,PLAYED
551,84.986,1944.9266,Piano,4,0,5,44,piano_snd005,0.15,True,True,0,PLAYED
552,85.136,1945.0717,Piano,1,17,36,44,piano_snd036,0.15,True,True,17,PLAYED
553,85.136,1945.0717,Piano,0,0,24,44,piano_snd024,0.15,True,True,0,PLAYED
554,85.321,1945.2575,Piano,4,0,5,44,piano_snd005,0.15,True,True,0,PLAYED
555,85.487,1945.4200,Piano,4,0,5,44,piano_snd005,0.15,True,True,0,PLAYED
556,85.637,1945.5710,Piano,0,0,24,44,piano_snd024,0.15,True,True,0,PLAYED
557,85.637,1945.5710,Piano,1,17,36,44,piano_snd036,0.15,True,True,17,PLAYED
558,85.853,1945.7916,Piano,4,0,5,44,piano_snd005,0.15,True,True,0,PLAYED
559,85.987,1945.9193,Piano,3,19,29,44,piano_snd029,0.15,True,True,19,PLAYED
560,85.987,1945.9193,Piano,0,17,41,44,piano_snd041,0.15,True,True,17,PLAYED
561,86.186,1946.1283,Piano,4,0,5,44,piano_snd005,0.15,True,True,0,PLAYED
562,86.319,1946.2560,Piano,0,0,24,44,piano_snd024,0.15,True,True,0,PLAYED
563,86.320,1946.2560,Piano,1,17,36,44,piano_snd036,0.15,True,True,17,PLAYED
564,86.520,1946.4591,Piano,4,0,5,44,piano_snd005,0.15,True,True,0,PLAYED
565,86.703,1946.6391,Piano,0,14,38,44,piano_snd038,0.15,True,True,14,PLAYED
566,86.703,1946.6391,Piano,3,16,26,44,piano_snd026,0.15,True,True,16,PLAYED
567,86.853,1946.7900,Piano,4,0,5,44,piano_snd005,0.15,True,True,0,PLAYED
568,87.003,1946.9351,Piano,4,0,5,44,piano_snd005,0.15,True,True,0,PLAYED
569,87.169,1947.1093,Piano,5,5,6,44,piano_snd006,0.15,True,True,5,PLAYED
570,87.370,1947.3067,Piano,4,0,5,44,piano_snd005,0.15,True,True,0,PLAYED
571,87.519,1947.4576,Piano,0,15,39,44,piano_snd039,0.15,True,True,15,PLAYED
572,87.519,1947.4576,Piano,2,12,27,44,piano_snd027,0.15,True,True,12,PLAYED
573,87.686,1947.6317,Piano,5,3,4,44,piano_snd004,0.15,True,True,3,PLAYED
574,87.886,1947.8175,Piano,5,3,4,44,piano_snd004,0.15,True,True,3,PLAYED
575,88.070,1948.0091,Piano,5,3,4,44,piano_snd004,0.15,True,True,3,PLAYED
576,88.220,1948.1600,Piano,5,3,4,44,piano_snd004,0.15,True,True,3,PLAYED
577,88.386,1948.3225,Piano,2,9,24,44,piano_snd024,0.15,True,True,9,PLAYED
578,88.386,1948.3225,Piano,0,12,36,44,piano_snd036,0.15,True,True,12,PLAYED
579,88.553,1948.4909,Piano,0,13,37,44,piano_snd037,0.15,True,True,13,PLAYED
580,88.720,1948.6534,Piano,5,3,4,44,piano_snd004,0.15,True,True,3,PLAYED
581,88.920,1948.8566,Piano,0,12,36,44,piano_snd036,0.15,True,True,12,PLAYED
582,89.070,1949.0075,Piano,0,10,34,44,piano_snd034,0.15,True,True,10,PLAYED
583,89.220,1949.1585,Piano,0,12,36,44,piano_snd036,0.15,True,True,12,PLAYED
584,89.220,1949.1585,Piano,5,3,4,44,piano_snd004,0.15,True,True,3,PLAYED
585,89.387,1949.3152,Piano,0,13,37,44,piano_snd037,0.15,True,True,13,PLAYED
586,89.387,1949.3152,Piano,2,10,25,44,piano_snd025,0.15,True,True,10,PLAYED
587,89.587,1949.5184,Piano,5,1,2,44,piano_snd002,0.15,True,True,1,PLAYED
588,89.736,1949.6809,Piano,5,1,2,44,piano_snd002,0.15,True,True,1,PLAYED
589,89.920,1949.8609,Piano,5,1,2,44,piano_snd002,0.15,True,True,1,PLAYED
590,90.069,1950.0118,Piano,5,1,2,44,piano_snd002,0.15,True,True,1,PLAYED
591,90.270,1950.2092,Piano,5,1,2,44,piano_snd002,0.15,True,True,1,PLAYED
592,90.431,1950.3717,Piano,5,1,2,44,piano_snd002,0.15,True,True,1,PLAYED
593,90.597,1950.5284,Piano,0,10,34,44,piano_snd034,0.15,True,True,10,PLAYED
594,90.597,1950.5400,Piano,2,7,22,44,piano_snd022,0.15,True,True,7,PLAYED
595,90.765,1950.7026,Piano,5,1,2,44,piano_snd002,0.15,True,True,1,PLAYED
596,90.930,1950.8709,Piano,5,1,2,44,piano_snd002,0.15,True,True,1,PLAYED
597,91.131,1951.0683,Piano,5,1,2,44,piano_snd002,0.15,True,True,1,PLAYED
598,91.263,1951.1960,Piano,5,1,2,44,piano_snd002,0.15,True,True,1,PLAYED
599,91.430,1951.3644,Piano,0,11,35,44,piano_snd035,0.15,True,True,11,PLAYED
600,91.430,1951.3644,Piano,2,8,23,44,piano_snd023,0.15,True,True,8,PLAYED
601,91.630,1951.5675,Piano,3,11,21,44,piano_snd021,0.15,True,True,11,PLAYED
602,91.630,1951.5675,Piano,0,9,33,44,piano_snd033,0.15,True,True,9,PLAYED
603,91.797,1951.7301,Piano,0,10,34,44,piano_snd034,0.15,True,True,10,PLAYED
604,91.980,1951.9158,Piano,5,0,1,44,piano_snd001,0.15,True,True,0,PLAYED
605,92.130,1952.0668,Piano,0,9,33,44,piano_snd033,0.15,True,True,9,PLAYED
606,92.297,1952.2409,Piano,0,7,31,44,piano_snd031,0.15,True,True,7,PLAYED
607,92.480,1952.4209,Piano,5,0,1,44,piano_snd001,0.15,True,True,0,PLAYED
608,92.481,1952.4209,Piano,0,9,33,44,piano_snd033,0.15,True,True,9,PLAYED
609,92.646,1952.5892,Piano,3,12,22,44,piano_snd022,0.15,True,True,12,PLAYED
610,92.647,1952.5892,Piano,0,10,34,44,piano_snd034,0.15,True,True,10,PLAYED
611,92.797,1952.7401,Piano,1,11,30,44,piano_snd030,0.15,True,True,11,PLAYED
612,92.797,1952.7401,Piano,3,13,23,44,piano_snd023,0.15,True,True,13,PLAYED
613,92.797,1952.7401,Piano,2,12,27,44,piano_snd027,0.15,True,True,12,PLAYED
614,92.797,1952.7401,Piano,0,11,35,44,piano_snd035,0.15,True,True,11,PLAYED
615,94.164,1954.0985,Piano,1,11,30,44,piano_snd030,0.15,True,True,11,PLAYED
616,94.330,1954.2668,Piano,0,8,32,44,piano_snd032,0.15,True,True,8,PLAYED
617,94.548,1954.4758,Piano,0,10,34,44,piano_snd034,0.15,True,True,10,PLAYED
618,94.713,1954.6500,Piano,0,11,35,44,piano_snd035,0.15,True,True,11,PLAYED
619,94.847,1954.7777,Piano,0,13,37,44,piano_snd037,0.15,True,True,13,PLAYED
620,95.047,1954.9867,Piano,0,15,39,44,piano_snd039,0.15,True,True,15,PLAYED
621,95.213,1955.1492,Piano,0,13,37,44,piano_snd037,0.15,True,True,13,PLAYED
622,95.364,1955.3001,Piano,3,13,23,44,piano_snd023,0.15,True,True,13,PLAYED
623,95.364,1955.3001,Piano,2,0,15,44,piano_snd015,0.15,True,True,0,PLAYED
624,95.364,1955.3001,Piano,0,11,35,44,piano_snd035,0.15,True,True,11,PLAYED
625,95.397,1955.3292,Piano,4,13,18,44,piano_snd018,0.15,True,True,13,PLAYED
626,95.531,1955.4685,Piano,1,11,30,44,piano_snd030,0.15,True,True,11,PLAYED
627,95.697,1955.6426,Piano,1,13,32,44,piano_snd032,0.15,True,True,13,PLAYED
628,95.897,1955.8284,Piano,0,10,34,44,piano_snd034,0.15,True,True,10,PLAYED
629,96.047,1955.9909,Piano,0,11,35,44,piano_snd035,0.15,True,True,11,PLAYED
630,96.230,1956.1651,Piano,0,13,37,44,piano_snd037,0.15,True,True,13,PLAYED
631,96.381,1956.3160,Piano,0,15,39,44,piano_snd039,0.15,True,True,15,PLAYED
632,96.547,1956.4785,Piano,0,13,37,44,piano_snd037,0.15,True,True,13,PLAYED
633,96.730,1956.6643,Piano,3,13,23,44,piano_snd023,0.15,True,True,13,PLAYED
634,96.730,1956.6643,Piano,2,0,15,44,piano_snd015,0.15,True,True,0,PLAYED
635,96.731,1956.6643,Piano,4,13,18,44,piano_snd018,0.15,True,True,13,PLAYED
636,96.764,1956.6991,Piano,0,11,35,44,piano_snd035,0.15,True,True,11,PLAYED
637,96.913,1956.8501,Piano,1,11,30,44,piano_snd030,0.15,True,True,11,PLAYED
638,97.081,1957.0184,Piano,1,13,32,44,piano_snd032,0.15,True,True,13,PLAYED
639,97.248,1957.1868,Piano,0,10,34,44,piano_snd034,0.15,True,True,10,PLAYED
640,97.397,1957.3261,Piano,0,11,35,44,piano_snd035,0.15,True,True,11,PLAYED
641,97.597,1957.5293,Piano,0,13,37,44,piano_snd037,0.15,True,True,13,PLAYED
642,97.764,1957.6976,Piano,0,15,39,44,piano_snd039,0.15,True,True,15,PLAYED
643,97.930,1957.8717,Piano,0,13,37,44,piano_snd037,0.15,True,True,13,PLAYED
644,98.081,1958.0227,Piano,3,13,23,44,piano_snd023,0.15,True,True,13,PLAYED
645,98.081,1958.0227,Piano,2,0,15,44,piano_snd015,0.15,True,True,0,PLAYED
646,98.081,1958.0227,Piano,4,13,18,44,piano_snd018,0.15,True,True,13,PLAYED
647,98.130,1958.0691,Piano,0,11,35,44,piano_snd035,0.15,True,True,11,PLAYED
648,98.264,1958.2026,Piano,1,11,30,44,piano_snd030,0.15,True,True,11,PLAYED
649,98.464,1958.4000,Piano,1,13,32,44,piano_snd032,0.15,True,True,13,PLAYED
650,98.631,1958.5741,Piano,0,10,34,44,piano_snd034,0.15,True,True,10,PLAYED
651,98.764,1958.6961,Piano,3,13,23,44,piano_snd023,0.15,True,True,13,PLAYED
652,98.764,1958.6961,Piano,2,0,15,44,piano_snd015,0.15,True,True,0,PLAYED
653,98.764,1958.6961,Piano,4,13,18,44,piano_snd018,0.15,True,True,13,PLAYED
654,98.815,1958.7483,Piano,0,11,35,44,piano_snd035,0.15,True,True,11,PLAYED
655,98.947,1958.8760,Piano,0,13,37,44,piano_snd037,0.15,True,True,13,PLAYED
656,99.131,1959.0676,Piano,0,15,39,44,piano_snd039,0.15,True,True,15,PLAYED
657,99.297,1959.2359,Piano,0,16,40,44,piano_snd040,0.15,True,True,16,PLAYED
658,99.447,1959.3752,Piano,4,18,23,44,piano_snd023,0.15,True,True,18,PLAYED
659,99.447,1959.3752,Piano,0,18,42,44,piano_snd042,0.15,True,True,18,PLAYED
660,99.447,1959.3752,Piano,5,18,19,44,piano_snd019,0.15,True,True,18,PLAYED
661,99.448,1959.3752,Piano,2,0,15,44,piano_snd015,0.15,True,True,0,PLAYED
662,99.647,1959.5900,Piano,0,17,41,44,piano_snd041,0.15,True,True,17,PLAYED
663,99.797,1959.7410,Piano,0,18,42,44,piano_snd042,0.15,True,True,18,PLAYED
664,99.980,1959.9209,Piano,0,17,41,44,piano_snd041,0.15,True,True,17,PLAYED
665,100.147,1960.0776,Piano,5,18,19,44,piano_snd019,0.15,True,True,18,PLAYED
666,100.147,1960.0776,Piano,2,0,15,44,piano_snd015,0.15,True,True,0,PLAYED
667,100.148,1960.0776,Piano,4,18,23,44,piano_snd023,0.15,True,True,18,PLAYED
668,100.148,1960.0776,Piano,0,18,42,44,piano_snd042,0.15,True,True,18,PLAYED
669,100.314,1960.2518,Piano,0,15,39,44,piano_snd039,0.15,True,True,15,PLAYED
670,100.481,1960.4201,Piano,1,18,37,44,piano_snd037,0.15,True,True,18,PLAYED
671,100.647,1960.5827,Piano,1,16,35,44,piano_snd035,0.15,True,True,16,PLAYED
672,100.847,1960.7800,Piano,5,17,18,44,piano_snd018,0.15,True,True,17,PLAYED
673,100.847,1960.7800,Piano,1,15,34,44,piano_snd034,0.15,True,True,15,PLAYED
674,100.997,1960.9310,Piano,3,15,25,44,piano_snd025,0.15,True,True,15,PLAYED
675,101.164,1961.0993,Piano,4,17,22,44,piano_snd022,0.15,True,True,17,PLAYED
676,101.347,1961.2851,Piano,3,15,25,44,piano_snd025,0.15,True,True,15,PLAYED
677,101.498,1961.4360,Piano,5,17,18,44,piano_snd018,0.15,True,True,17,PLAYED
678,101.663,1961.5985,Piano,3,15,25,44,piano_snd025,0.15,True,True,15,PLAYED
679,101.847,1961.7843,Piano,1,18,37,44,piano_snd037,0.15,True,True,18,PLAYED
680,101.847,1961.7843,Piano,4,17,22,44,piano_snd022,0.15,True,True,17,PLAYED
681,102.046,1961.9759,Piano,1,17,36,44,piano_snd036,0.15,True,True,17,PLAYED
682,102.047,1961.9759,Piano,5,17,18,44,piano_snd018,0.15,True,True,17,PLAYED
683,102.212,1962.1500,Piano,1,18,37,44,piano_snd037,0.15,True,True,18,PLAYED
684,102.279,1962.2197,Piano,3,17,27,44,piano_snd027,0.15,True,True,17,PLAYED
685,102.347,1962.2893,Piano,1,17,36,44,piano_snd036,0.15,True,True,17,PLAYED
686,102.546,1962.4809,Piano,1,18,37,44,piano_snd037,0.15,True,True,18,PLAYED
687,102.546,1962.4809,Piano,4,16,21,44,piano_snd021,0.15,True,True,16,PLAYED
688,102.680,1962.6202,Piano,1,17,36,44,piano_snd036,0.15,True,True,17,PLAYED
689,102.796,1962.7305,Piano,3,17,27,44,piano_snd027,0.15,True,True,17,PLAYED
690,102.879,1962.8118,Piano,1,18,37,44,piano_snd037,0.15,True,True,18,PLAYED
691,103.029,1962.9685,Piano,5,17,18,44,piano_snd018,0.15,True,True,17,PLAYED
692,103.030,1962.9685,Piano,1,17,36,44,piano_snd036,0.15,True,True,17,PLAYED
693,103.196,1963.1311,Piano,1,18,37,44,piano_snd037,0.15,True,True,18,PLAYED
694,103.379,1963.3226,Piano,3,17,27,44,piano_snd027,0.15,True,True,17,PLAYED
695,103.546,1963.4794,Piano,1,17,36,44,piano_snd036,0.15,True,True,17,PLAYED
696,103.762,1963.6941,Piano,4,16,21,44,piano_snd021,0.15,True,True,16,PLAYED
697,103.762,1963.6941,Piano,1,15,34,44,piano_snd034,0.15,True,True,15,PLAYED
698,103.879,1963.8161,Piano,1,17,36,44,piano_snd036,0.15,True,True,17,PLAYED
699,103.880,1963.8161,Piano,3,17,27,44,piano_snd027,0.15,True,True,17,PLAYED
700,104.063,1963.9960,Piano,5,18,19,44,piano_snd019,0.15,True,True,18,PLAYED
701,104.063,1963.9960,Piano,4,17,22,44,piano_snd022,0.15,True,True,17,PLAYED
702,104.063,1963.9960,Piano,1,15,34,44,piano_snd034,0.15,True,True,15,PLAYED
703,104.096,1964.0366,Piano,3,15,25,44,piano_snd025,0.15,True,True,15,PLAYED
704,104.246,1964.1760,Piano,3,13,23,44,piano_snd023,0.15,True,True,13,PLAYED
705,104.246,1964.1760,Piano,2,0,15,44,piano_snd015,0.15,True,True,0,PLAYED
706,104.246,1964.1760,Piano,4,13,18,44,piano_snd018,0.15,True,True,13,PLAYED
707,104.246,1964.1760,Piano,5,11,12,44,piano_snd012,0.15,True,True,11,PLAYED
708,104.946,1964.8900,Piano,4,13,18,44,piano_snd018,0.15,True,True,13,PLAYED
709,105.112,1965.0467,Piano,3,10,20,44,piano_snd020,0.15,True,True,10,PLAYED
710,105.279,1965.2093,Piano,3,12,22,44,piano_snd022,0.15,True,True,12,PLAYED
711,105.429,1965.3718,Piano,3,13,23,44,piano_snd023,0.15,True,True,13,PLAYED
712,105.579,1965.5227,Piano,2,10,25,44,piano_snd025,0.15,True,True,10,PLAYED
713,105.779,1965.7201,Piano,2,12,27,44,piano_snd027,0.15,True,True,12,PLAYED
714,105.963,1965.9000,Piano,2,10,25,44,piano_snd025,0.15,True,True,10,PLAYED
715,106.112,1966.0510,Piano,2,8,23,44,piano_snd023,0.15,True,True,8,PLAYED
716,106.262,1966.1961,Piano,3,8,18,44,piano_snd018,0.15,True,True,8,PLAYED
717,106.446,1966.3761,Piano,2,5,20,44,piano_snd020,0.15,True,True,5,PLAYED
718,106.646,1966.5792,Piano,2,7,22,44,piano_snd022,0.15,True,True,7,PLAYED
719,106.779,1966.7185,Piano,1,4,23,44,piano_snd023,0.15,True,True,4,PLAYED
720,106.779,1966.7185,Piano,3,1,11,44,piano_snd011,0.15,True,True,1,PLAYED
721,106.779,1966.7185,Piano,4,1,6,44,piano_snd006,0.15,True,True,1,PLAYED
722,106.780,1966.7185,Piano,5,3,4,44,piano_snd004,0.15,True,True,3,PLAYED
723,106.962,1966.8985,Piano,0,1,25,44,piano_snd025,0.15,True,True,1,PLAYED
724,107.162,1967.0959,Piano,0,3,27,44,piano_snd027,0.15,True,True,3,PLAYED
725,107.312,1967.2468,Piano,0,1,25,44,piano_snd025,0.15,True,True,1,PLAYED
726,107.463,1967.3977,Piano,1,4,23,44,piano_snd023,0.15,True,True,4,PLAYED
727,107.629,1967.5661,Piano,2,3,18,44,piano_snd018,0.15,True,True,3,PLAYED
728,107.796,1967.7286,Piano,1,1,20,44,piano_snd020,0.15,True,True,1,PLAYED
729,107.996,1967.9318,Piano,1,3,22,44,piano_snd022,0.15,True,True,3,PLAYED
730,108.146,1968.0827,Piano,3,1,11,44,piano_snd011,0.15,True,True,1,PLAYED
731,108.146,1968.0827,Piano,4,1,6,44,piano_snd006,0.15,True,True,1,PLAYED
732,108.146,1968.0827,Piano,5,3,4,44,piano_snd004,0.15,True,True,3,PLAYED
733,108.146,1968.0827,Piano,1,4,23,44,piano_snd023,0.15,True,True,4,PLAYED
734,108.329,1968.2685,Piano,0,1,25,44,piano_snd025,0.15,True,True,1,PLAYED
735,108.479,1968.4136,Piano,0,3,27,44,piano_snd027,0.15,True,True,3,PLAYED
736,108.679,1968.6226,Piano,0,1,25,44,piano_snd025,0.15,True,True,1,PLAYED
737,108.829,1968.7677,Piano,1,4,23,44,piano_snd023,0.15,True,True,4,PLAYED
738,109.012,1968.9477,Piano,2,3,18,44,piano_snd018,0.15,True,True,3,PLAYED
739,109.163,1969.0986,Piano,1,1,20,44,piano_snd020,0.15,True,True,1,PLAYED
740,109.163,1969.0986,Piano,3,1,11,44,piano_snd011,0.15,True,True,1,PLAYED
741,109.163,1969.0986,Piano,5,3,4,44,piano_snd004,0.15,True,True,3,PLAYED
742,109.196,1969.1392,Piano,4,1,6,44,piano_snd006,0.15,True,True,1,PLAYED
743,109.346,1969.2785,Piano,1,3,22,44,piano_snd022,0.15,True,True,3,PLAYED
744,109.546,1969.4759,Piano,1,4,23,44,piano_snd023,0.15,True,True,4,PLAYED
745,109.679,1969.6152,Piano,0,1,25,44,piano_snd025,0.15,True,True,1,PLAYED
746,109.846,1969.7778,Piano,4,1,6,44,piano_snd006,0.15,True,True,1,PLAYED
747,109.846,1969.7778,Piano,5,3,4,44,piano_snd004,0.15,True,True,3,PLAYED
748,109.846,1969.7778,Piano,0,3,27,44,piano_snd027,0.15,True,True,3,PLAYED
749,109.846,1969.7778,Piano,3,1,11,44,piano_snd011,0.15,True,True,1,PLAYED
750,110.061,1969.9984,Piano,0,1,25,44,piano_snd025,0.15,True,True,1,PLAYED
751,110.213,1970.1493,Piano,1,4,23,44,piano_snd023,0.15,True,True,4,PLAYED
752,110.363,1970.3002,Piano,2,3,18,44,piano_snd018,0.15,True,True,3,PLAYED
753,110.562,1970.4976,Piano,1,1,20,44,piano_snd020,0.15,True,True,1,PLAYED
754,110.563,1970.4976,Piano,3,1,11,44,piano_snd011,0.15,True,True,1,PLAYED
755,110.563,1970.4976,Piano,5,3,4,44,piano_snd004,0.15,True,True,3,PLAYED
756,110.712,1970.6485,Piano,1,3,22,44,piano_snd022,0.15,True,True,3,PLAYED
757,110.863,1970.7995,Piano,1,4,23,44,piano_snd023,0.15,True,True,4,PLAYED
758,111.062,1971.0026,Piano,0,1,25,44,piano_snd025,0.15,True,True,1,PLAYED
759,111.246,1971.1942,Piano,0,3,27,44,piano_snd027,0.15,True,True,3,PLAYED
760,111.246,1971.1942,Piano,3,1,11,44,piano_snd011,0.15,True,True,1,PLAYED
761,111.246,1971.1942,Piano,4,1,6,44,piano_snd006,0.15,True,True,1,PLAYED
762,111.280,1971.2174,Piano,5,3,4,44,piano_snd004,0.15,True,True,3,PLAYED
763,111.413,1971.3451,Piano,0,1,25,44,piano_snd025,0.15,True,True,1,PLAYED
764,111.546,1971.4786,Piano,3,1,11,44,piano_snd011,0.15,True,True,1,PLAYED
765,111.546,1971.4786,Piano,4,1,6,44,piano_snd006,0.15,True,True,1,PLAYED
766,111.546,1971.4786,Piano,5,3,4,44,piano_snd004,0.15,True,True,3,PLAYED
767,111.546,1971.4786,Piano,1,4,23,44,piano_snd023,0.15,True,True,4,PLAYED
768,111.746,1971.6760,Piano,2,3,18,44,piano_snd018,0.15,True,True,3,PLAYED
769,111.912,1971.8444,Piano,1,1,20,44,piano_snd020,0.15,True,True,1,PLAYED
770,112.062,1971.9953,Piano,1,3,22,44,piano_snd022,0.15,True,True,3,PLAYED
771,112.246,1972.1752,Piano,1,4,23,44,piano_snd023,0.15,True,True,4,PLAYED
772,112.412,1972.3494,Piano,0,1,25,44,piano_snd025,0.15,True,True,1,PLAYED
773,112.579,1972.5177,Piano,0,3,27,44,piano_snd027,0.15,True,True,3,PLAYED
774,112.746,1972.6919,Piano,0,4,28,44,piano_snd028,0.15,True,True,4,PLAYED
775,112.945,1972.8776,Piano,0,6,30,44,piano_snd030,0.15,True,True,6,PLAYED
776,113.079,1973.0170,Piano,0,8,32,44,piano_snd032,0.15,True,True,8,PLAYED
777,113.295,1973.2317,Piano,0,10,34,44,piano_snd034,0.15,True,True,10,PLAYED
778,113.446,1973.3827,Piano,0,11,35,44,piano_snd035,0.15,True,True,11,PLAYED
779,113.629,1973.5684,Piano,0,13,37,44,piano_snd037,0.15,True,True,13,PLAYED
780,113.770,1973.7136,Piano,0,15,39,44,piano_snd039,0.15,True,True,15,PLAYED
781,113.937,1973.8645,Piano,0,16,40,44,piano_snd040,0.15,True,True,16,PLAYED
782,114.104,1974.0386,Piano,0,17,41,44,piano_snd041,0.15,True,True,17,PLAYED
783,114.304,1974.2360,Piano,5,3,4,44,piano_snd004,0.15,True,True,3,PLAYED
784,114.304,1974.2360,Piano,0,18,42,44,piano_snd042,0.15,True,True,18,PLAYED
785,114.304,1974.2360,Piano,2,15,30,44,piano_snd030,0.15,True,True,15,PLAYED
786,114.471,1974.4044,Piano,5,11,12,44,piano_snd012,0.15,True,True,11,PLAYED
787,114.620,1974.5553,Piano,5,6,7,44,piano_snd007,0.15,True,True,6,PLAYED
788,114.804,1974.7352,Piano,4,6,11,44,piano_snd011,0.15,True,True,6,PLAYED
789,114.987,1974.9268,Piano,5,3,4,44,piano_snd004,0.15,True,True,3,PLAYED
790,115.137,1975.0777,Piano,3,1,11,44,piano_snd011,0.15,True,True,1,PLAYED
791,115.321,1975.2577,Piano,4,1,6,44,piano_snd006,0.15,True,True,1,PLAYED
792,115.487,1975.4202,Piano,3,1,11,44,piano_snd011,0.15,True,True,1,PLAYED
793,115.653,1975.5886,Piano,2,7,22,44,piano_snd022,0.15,True,True,7,PLAYED
794,115.653,1975.5886,Piano,5,4,5,44,piano_snd005,0.15,True,True,4,PLAYED
795,115.653,1975.5886,Piano,0,10,34,44,piano_snd034,0.15,True,True,10,PLAYED
796,115.837,1975.7801,Piano,4,8,13,44,piano_snd013,0.15,True,True,8,PLAYED
797,115.987,1975.9195,Piano,5,7,8,44,piano_snd008,0.15,True,True,7,PLAYED
798,116.187,1976.1284,Piano,4,8,13,44,piano_snd013,0.15,True,True,8,PLAYED
799,116.337,1976.2736,Piano,5,4,5,44,piano_snd005,0.15,True,True,4,PLAYED
800,116.488,1976.4245,Piano,3,3,13,44,piano_snd013,0.15,True,True,3,PLAYED
801,116.687,1976.6277,Piano,4,2,7,44,piano_snd007,0.15,True,True,2,PLAYED
802,116.837,1976.7670,Piano,3,3,13,44,piano_snd013,0.15,True,True,3,PLAYED
803,117.003,1976.9353,Piano,0,13,37,44,piano_snd037,0.15,True,True,13,PLAYED
804,117.004,1976.9353,Piano,2,10,25,44,piano_snd025,0.15,True,True,10,PLAYED
805,117.004,1976.9353,Piano,4,0,5,44,piano_snd005,0.15,True,True,0,PLAYED
806,117.187,1977.1269,Piano,4,8,13,44,piano_snd013,0.15,True,True,8,PLAYED
807,117.370,1977.3068,Piano,3,0,10,44,piano_snd010,0.15,True,True,0,PLAYED
808,117.537,1977.4810,Piano,3,3,13,44,piano_snd013,0.15,True,True,3,PLAYED
809,117.687,1977.6261,Piano,4,0,5,44,piano_snd005,0.15,True,True,0,PLAYED
810,117.870,1977.8119,Piano,3,3,13,44,piano_snd013,0.15,True,True,3,PLAYED
811,118.053,1977.9918,Piano,3,0,10,44,piano_snd010,0.15,True,True,0,PLAYED
812,118.221,1978.1602,Piano,3,3,13,44,piano_snd013,0.15,True,True,3,PLAYED
813,118.387,1978.3227,Piano,1,2,21,44,piano_snd021,0.15,True,True,2,PLAYED
814,118.387,1978.3227,Piano,2,0,15,44,piano_snd015,0.15,True,True,0,PLAYED
815,118.387,1978.3227,Piano,4,4,9,44,piano_snd009,0.15,True,True,4,PLAYED
816,118.554,1978.4911,Piano,4,0,5,44,piano_snd005,0.15,True,True,0,PLAYED
817,118.704,1978.6420,Piano,5,4,5,44,piano_snd005,0.15,True,True,4,PLAYED
818,118.887,1978.8278,Piano,4,0,5,44,piano_snd005,0.15,True,True,0,PLAYED
819,119.087,1979.0135,Piano,5,4,5,44,piano_snd005,0.15,True,True,4,PLAYED
820,119.237,1979.1644,Piano,4,0,5,44,piano_snd005,0.15,True,True,0,PLAYED
821,119.387,1979.3154,Piano,5,4,5,44,piano_snd005,0.15,True,True,4,PLAYED
822,119.571,1979.5069,Piano,4,0,5,44,piano_snd005,0.15,True,True,0,PLAYED
823,119.737,1979.6753,Piano,4,5,10,44,piano_snd010,0.15,True,True,5,PLAYED
824,119.737,1979.6753,Piano,3,3,13,44,piano_snd013,0.15,True,True,3,PLAYED
825,119.737,1979.6753,Piano,1,3,22,44,piano_snd022,0.15,True,True,3,PLAYED
826,120.087,1980.0294,Piano,2,2,17,44,piano_snd017,0.15,True,True,2,PLAYED
827,120.087,1980.0294,Piano,0,1,25,44,piano_snd025,0.15,True,True,1,PLAYED
828,120.087,1980.0294,Piano,3,0,10,44,piano_snd010,0.15,True,True,0,PLAYED
829,120.287,1980.2210,Piano,2,2,17,44,piano_snd017,0.15,True,True,2,PLAYED
830,120.287,1980.2210,Piano,0,1,25,44,piano_snd025,0.15,True,True,1,PLAYED
831,120.287,1980.2210,Piano,3,0,10,44,piano_snd010,0.15,True,True,0,PLAYED
832,120.420,1980.3603,Piano,2,2,17,44,piano_snd017,0.15,True,True,2,PLAYED
833,120.421,1980.3603,Piano,0,1,25,44,piano_snd025,0.15,True,True,1,PLAYED
834,120.421,1980.3603,Piano,3,0,10,44,piano_snd010,0.15,True,True,0,PLAYED
835,120.621,1980.5576,Piano,0,1,25,44,piano_snd025,0.15,True,True,1,PLAYED
836,120.621,1980.5576,Piano,3,0,10,44,piano_snd010,0.15,True,True,0,PLAYED
837,120.621,1980.5576,Piano,2,2,17,44,piano_snd017,0.15,True,True,2,PLAYED
838,120.787,1980.7318,Piano,3,0,10,44,piano_snd010,0.15,True,True,0,PLAYED
839,120.788,1980.7318,Piano,2,2,17,44,piano_snd017,0.15,True,True,2,PLAYED
840,120.838,1980.7782,Piano,0,1,25,44,piano_snd025,0.15,True,True,1,PLAYED
841,121.104,1981.0395,Piano,3,2,12,44,piano_snd012,0.15,True,True,2,PLAYED
842,121.104,1981.0395,Piano,2,2,17,44,piano_snd017,0.15,True,True,2,PLAYED
843,121.105,1981.0395,Piano,0,0,24,44,piano_snd024,0.15,True,True,0,PLAYED
844,121.437,1981.3761,Piano,1,3,22,44,piano_snd022,0.15,True,True,3,PLAYED
845,121.438,1981.3761,Piano,3,3,13,44,piano_snd013,0.15,True,True,3,PLAYED
846,121.438,1981.3761,Piano,2,2,17,44,piano_snd017,0.15,True,True,2,PLAYED
847,121.787,1981.7186,Piano,4,0,5,44,piano_snd005,0.15,True,True,0,PLAYED
848,121.787,1981.7186,Piano,2,2,17,44,piano_snd017,0.15,True,True,2,PLAYED
849,121.787,1981.7186,Piano,3,5,15,44,piano_snd015,0.15,True,True,5,PLAYED
850,121.788,1981.7186,Piano,1,2,21,44,piano_snd021,0.15,True,True,2,PLAYED
851,122.138,1982.0785,Piano,2,2,17,44,piano_snd017,0.15,True,True,2,PLAYED
852,122.138,1982.0785,Piano,3,5,15,44,piano_snd015,0.15,True,True,5,PLAYED
853,122.138,1982.0785,Piano,1,2,21,44,piano_snd021,0.15,True,True,2,PLAYED
854,122.187,1982.1250,Piano,0,5,29,44,piano_snd029,0.15,True,True,5,PLAYED
855,122.304,1982.2353,Piano,3,5,15,44,piano_snd015,0.15,True,True,5,PLAYED
856,122.304,1982.2353,Piano,1,2,21,44,piano_snd021,0.15,True,True,2,PLAYED
857,122.304,1982.2353,Piano,0,5,29,44,piano_snd029,0.15,True,True,5,PLAYED
858,122.354,1982.2875,Piano,2,2,17,44,piano_snd017,0.15,True,True,2,PLAYED
859,122.455,1982.3862,Piano,3,5,15,44,piano_snd015,0.15,True,True,5,PLAYED
860,122.455,1982.3862,Piano,1,2,21,44,piano_snd021,0.15,True,True,2,PLAYED
861,122.455,1982.3862,Piano,0,5,29,44,piano_snd029,0.15,True,True,5,PLAYED
862,122.455,1982.3862,Piano,2,2,17,44,piano_snd017,0.15,True,True,2,PLAYED
863,122.670,1982.6068,Piano,1,2,21,44,piano_snd021,0.15,True,True,2,PLAYED
864,122.670,1982.6068,Piano,0,5,29,44,piano_snd029,0.15,True,True,5,PLAYED
865,122.670,1982.6068,Piano,2,2,17,44,piano_snd017,0.15,True,True,2,PLAYED
866,122.670,1982.6068,Piano,3,5,15,44,piano_snd015,0.15,True,True,5,PLAYED
867,122.806,1982.7403,Piano,3,5,15,44,piano_snd015,0.15,True,True,5,PLAYED
868,122.806,1982.7403,Piano,1,2,21,44,piano_snd021,0.15,True,True,2,PLAYED
869,122.806,1982.7403,Piano,0,5,29,44,piano_snd029,0.15,True,True,5,PLAYED
870,122.806,1982.7403,Piano,2,2,17,44,piano_snd017,0.15,True,True,2,PLAYED
871,123.137,1983.0770,Piano,2,2,17,44,piano_snd017,0.15,True,True,2,PLAYED
872,123.138,1983.0770,Piano,0,5,29,44,piano_snd029,0.15,True,True,5,PLAYED
873,123.138,1983.0770,Piano,3,3,13,44,piano_snd013,0.15,True,True,3,PLAYED
874,123.187,1983.1176,Piano,1,3,22,44,piano_snd022,0.15,True,True,3,PLAYED
875,123.487,1983.4195,Piano,4,7,12,44,piano_snd012,0.15,True,True,7,PLAYED
876,123.488,1983.4195,Piano,1,5,24,44,piano_snd024,0.15,True,True,5,PLAYED
877,123.488,1983.4195,Piano,3,7,17,44,piano_snd017,0.15,True,True,7,PLAYED
878,123.488,1983.4195,Piano,0,5,29,44,piano_snd029,0.15,True,True,5,PLAYED
879,123.821,1983.7620,Piano,0,5,29,44,piano_snd029,0.15,True,True,5,PLAYED
880,123.821,1983.7620,Piano,1,6,25,44,piano_snd025,0.15,True,True,6,PLAYED
881,123.821,1983.7620,Piano,4,5,10,44,piano_snd010,0.15,True,True,5,PLAYED
882,124.187,1984.1161,Piano,3,7,17,44,piano_snd017,0.15,True,True,7,PLAYED
883,124.187,1984.1161,Piano,1,6,25,44,piano_snd025,0.15,True,True,6,PLAYED
884,124.187,1984.1161,Piano,4,5,10,44,piano_snd010,0.15,True,True,5,PLAYED
885,124.370,1984.3077,Piano,3,7,17,44,piano_snd017,0.15,True,True,7,PLAYED
886,124.370,1984.3077,Piano,4,5,10,44,piano_snd010,0.15,True,True,5,PLAYED
887,124.371,1984.3077,Piano,1,6,25,44,piano_snd025,0.15,True,True,6,PLAYED
888,124.521,1984.4586,Piano,1,6,25,44,piano_snd025,0.15,True,True,6,PLAYED
889,124.521,1984.4586,Piano,3,7,17,44,piano_snd017,0.15,True,True,7,PLAYED
890,124.554,1984.4876,Piano,4,5,10,44,piano_snd010,0.15,True,True,5,PLAYED
891,124.671,1984.6095,Piano,1,6,25,44,piano_snd025,0.15,True,True,6,PLAYED
892,124.671,1984.6095,Piano,4,5,10,44,piano_snd010,0.15,True,True,5,PLAYED
893,124.721,1984.6560,Piano,3,7,17,44,piano_snd017,0.15,True,True,7,PLAYED
894,124.888,1984.8301,Piano,1,6,25,44,piano_snd025,0.15,True,True,6,PLAYED
895,124.888,1984.8301,Piano,3,7,17,44,piano_snd017,0.15,True,True,7,PLAYED
896,124.920,1984.8591,Piano,4,5,10,44,piano_snd010,0.15,True,True,5,PLAYED
897,125.204,1985.1378,Piano,4,7,12,44,piano_snd012,0.15,True,True,7,PLAYED
898,125.204,1985.1378,Piano,0,0,24,44,piano_snd024,0.15,True,True,0,PLAYED
899,125.204,1985.1378,Piano,3,7,17,44,piano_snd017,0.15,True,True,7,PLAYED
900,125.537,1985.4687,Piano,4,8,13,44,piano_snd013,0.15,True,True,8,PLAYED
901,125.537,1985.4687,Piano,3,7,17,44,piano_snd017,0.15,True,True,7,PLAYED
902,125.538,1985.4687,Piano,2,7,22,44,piano_snd022,0.15,True,True,7,PLAYED
903,125.896,1985.8286,Piano,3,5,15,44,piano_snd015,0.15,True,True,5,PLAYED
904,125.896,1985.8286,Piano,5,5,6,44,piano_snd006,0.15,True,True,5,PLAYED
905,125.897,1985.8286,Piano,1,2,21,44,piano_snd021,0.15,True,True,2,PLAYED
906,125.897,1985.8286,Piano,2,2,17,44,piano_snd017,0.15,True,True,2,PLAYED
907,126.213,1986.1537,Piano,3,5,15,44,piano_snd015,0.15,True,True,5,PLAYED
908,126.213,1986.1537,Piano,1,2,21,44,piano_snd021,0.15,True,True,2,PLAYED
909,126.213,1986.1537,Piano,0,5,29,44,piano_snd029,0.15,True,True,5,PLAYED
910,126.213,1986.1537,Piano,2,2,17,44,piano_snd017,0.15,True,True,2,PLAYED
911,126.397,1986.3336,Piano,1,2,21,44,piano_snd021,0.15,True,True,2,PLAYED
912,126.397,1986.3336,Piano,0,5,29,44,piano_snd029,0.15,True,True,5,PLAYED
913,126.397,1986.3336,Piano,2,2,17,44,piano_snd017,0.15,True,True,2,PLAYED
914,126.397,1986.3336,Piano,3,5,15,44,piano_snd015,0.15,True,True,5,PLAYED
915,126.563,1986.4961,Piano,1,2,21,44,piano_snd021,0.15,True,True,2,PLAYED
916,126.564,1986.4961,Piano,0,5,29,44,piano_snd029,0.15,True,True,5,PLAYED
917,126.564,1986.4961,Piano,2,2,17,44,piano_snd017,0.15,True,True,2,PLAYED
918,126.564,1986.4961,Piano,3,5,15,44,piano_snd015,0.15,True,True,5,PLAYED
919,126.747,1986.6877,Piano,0,5,29,44,piano_snd029,0.15,True,True,5,PLAYED
920,126.747,1986.6877,Piano,2,2,17,44,piano_snd017,0.15,True,True,2,PLAYED
921,126.747,1986.6877,Piano,3,5,15,44,piano_snd015,0.15,True,True,5,PLAYED
922,126.747,1986.6877,Piano,1,2,21,44,piano_snd021,0.15,True,True,2,PLAYED
923,126.880,1986.8154,Piano,2,2,17,44,piano_snd017,0.15,True,True,2,PLAYED
924,126.880,1986.8154,Piano,3,5,15,44,piano_snd015,0.15,True,True,5,PLAYED
925,126.881,1986.8154,Piano,1,2,21,44,piano_snd021,0.15,True,True,2,PLAYED
926,126.930,1986.8677,Piano,0,5,29,44,piano_snd029,0.15,True,True,5,PLAYED
927,127.230,1987.1695,Piano,2,2,17,44,piano_snd017,0.15,True,True,2,PLAYED
928,127.231,1987.1695,Piano,0,5,29,44,piano_snd029,0.15,True,True,5,PLAYED
929,127.231,1987.1695,Piano,1,3,22,44,piano_snd022,0.15,True,True,3,PLAYED
930,127.280,1987.2160,Piano,3,3,13,44,piano_snd013,0.15,True,True,3,PLAYED
931,127.612,1987.5468,Piano,1,5,24,44,piano_snd024,0.15,True,True,5,PLAYED
932,127.613,1987.5468,Piano,3,7,17,44,piano_snd017,0.15,True,True,7,PLAYED
933,127.613,1987.5468,Piano,0,5,29,44,piano_snd029,0.15,True,True,5,PLAYED
934,127.613,1987.5468,Piano,4,7,12,44,piano_snd012,0.15,True,True,7,PLAYED
935,127.930,1987.8719,Piano,0,5,29,44,piano_snd029,0.15,True,True,5,PLAYED
936,127.931,1987.8719,Piano,1,6,25,44,piano_snd025,0.15,True,True,6,PLAYED
937,128.080,1988.0171,Piano,1,6,25,44,piano_snd025,0.15,True,True,6,PLAYED
938,128.080,1988.0171,Piano,4,5,10,44,piano_snd010,0.15,True,True,5,PLAYED
939,128.080,1988.0171,Piano,0,5,29,44,piano_snd029,0.15,True,True,5,PLAYED
940,128.113,1988.0519,Piano,3,3,13,44,piano_snd013,0.15,True,True,3,PLAYED
941,128.263,1988.1970,Piano,1,6,25,44,piano_snd025,0.15,True,True,6,PLAYED
942,128.264,1988.1970,Piano,4,5,10,44,piano_snd010,0.15,True,True,5,PLAYED
943,128.264,1988.1970,Piano,0,5,29,44,piano_snd029,0.15,True,True,5,PLAYED
944,128.297,1988.2318,Piano,3,3,13,44,piano_snd013,0.15,True,True,3,PLAYED
945,128.613,1988.5511,Piano,3,3,13,44,piano_snd013,0.15,True,True,3,PLAYED
946,128.613,1988.5511,Piano,0,1,25,44,piano_snd025,0.15,True,True,1,PLAYED
947,128.613,1988.5511,Piano,1,3,22,44,piano_snd022,0.15,True,True,3,PLAYED
948,128.663,1988.6034,Piano,2,2,17,44,piano_snd017,0.15,True,True,2,PLAYED
949,128.930,1988.8704,Piano,5,3,4,44,piano_snd004,0.15,True,True,3,PLAYED
950,129.130,1989.0678,Piano,1,8,27,44,piano_snd027,0.15,True,True,8,PLAYED
951,129.130,1989.0678,Piano,2,0,15,44,piano_snd015,0.15,True,True,0,PLAYED
952,129.130,1989.0678,Piano,0,6,30,44,piano_snd030,0.15,True,True,6,PLAYED
953,129.130,1989.0678,Piano,3,0,10,44,piano_snd010,0.15,True,True,0,PLAYED
954,129.280,1989.2187,Piano,3,0,10,44,piano_snd010,0.15,True,True,0,PLAYED
955,129.280,1989.2187,Piano,1,8,27,44,piano_snd027,0.15,True,True,8,PLAYED
956,129.280,1989.2187,Piano,2,0,15,44,piano_snd015,0.15,True,True,0,PLAYED
957,129.280,1989.2187,Piano,0,6,30,44,piano_snd030,0.15,True,True,6,PLAYED
958,129.647,1989.5786,Piano,3,5,15,44,piano_snd015,0.15,True,True,5,PLAYED
959,129.647,1989.5786,Piano,0,3,27,44,piano_snd027,0.15,True,True,3,PLAYED
960,129.647,1989.5786,Piano,1,3,22,44,piano_snd022,0.15,True,True,3,PLAYED
961,129.647,1989.5786,Piano,2,3,18,44,piano_snd018,0.15,True,True,3,PLAYED
962,129.979,1989.9153,Piano,4,0,5,44,piano_snd005,0.15,True,True,0,PLAYED
963,130.147,1990.0894,Piano,0,5,29,44,piano_snd029,0.15,True,True,5,PLAYED
964,130.147,1990.0894,Piano,1,6,25,44,piano_snd025,0.15,True,True,6,PLAYED
965,130.148,1990.0894,Piano,4,5,10,44,piano_snd010,0.15,True,True,5,PLAYED
966,130.148,1990.0894,Piano,3,3,13,44,piano_snd013,0.15,True,True,3,PLAYED
967,130.313,1990.2462,Piano,0,5,29,44,piano_snd029,0.15,True,True,5,PLAYED
968,130.313,1990.2462,Piano,3,3,13,44,piano_snd013,0.15,True,True,3,PLAYED
969,130.313,1990.2462,Piano,1,6,25,44,piano_snd025,0.15,True,True,6,PLAYED
970,130.314,1990.2462,Piano,4,5,10,44,piano_snd010,0.15,True,True,5,PLAYED
971,130.663,1990.6003,Piano,2,2,17,44,piano_snd017,0.15,True,True,2,PLAYED
972,130.663,1990.6003,Piano,0,1,25,44,piano_snd025,0.15,True,True,1,PLAYED
973,130.664,1990.6003,Piano,1,3,22,44,piano_snd022,0.15,True,True,3,PLAYED
974,130.697,1990.6293,Piano,3,3,13,44,piano_snd013,0.15,True,True,3,PLAYED
975,130.980,1990.9195,Piano,4,0,5,44,piano_snd005,0.15,True,True,0,PLAYED
976,131.147,1991.0879,Piano,1,5,24,44,piano_snd024,0.15,True,True,5,PLAYED
977,131.147,1991.0879,Piano,3,2,12,44,piano_snd012,0.15,True,True,2,PLAYED
978,131.147,1991.0879,Piano,0,5,29,44,piano_snd029,0.15,True,True,5,PLAYED
979,131.180,1991.1227,Piano,4,4,9,44,piano_snd009,0.15,True,True,4,PLAYED
980,131.347,1991.2795,Piano,4,4,9,44,piano_snd009,0.15,True,True,4,PLAYED
981,131.347,1991.2795,Piano,3,2,12,44,piano_snd012,0.15,True,True,2,PLAYED
982,131.347,1991.2795,Piano,0,5,29,44,piano_snd029,0.15,True,True,5,PLAYED
983,131.347,1991.2795,Piano,1,5,24,44,piano_snd024,0.15,True,True,5,PLAYED
984,131.663,1991.5987,Piano,1,2,21,44,piano_snd021,0.15,True,True,2,PLAYED
985,131.664,1991.5987,Piano,3,2,12,44,piano_snd012,0.15,True,True,2,PLAYED
986,131.664,1991.5987,Piano,0,0,24,44,piano_snd024,0.15,True,True,0,PLAYED
987,131.697,1991.6336,Piano,2,2,17,44,piano_snd017,0.15,True,True,2,PLAYED
988,132.063,1991.9993,Piano,1,3,22,44,piano_snd022,0.15,True,True,3,PLAYED
989,132.063,1991.9993,Piano,0,1,25,44,piano_snd025,0.15,True,True,1,PLAYED
990,132.196,1992.1270,Piano,1,10,29,44,piano_snd029,0.15,True,True,10,PLAYED
991,132.197,1992.1270,Piano,0,13,37,44,piano_snd037,0.15,True,True,13,PLAYED
992,132.197,1992.1270,Piano,2,10,25,44,piano_snd025,0.15,True,True,10,PLAYED
993,132.197,1992.1270,Piano,4,0,5,44,piano_snd005,0.15,True,True,0,PLAYED
994,132.347,1992.2779,Piano,1,10,29,44,piano_snd029,0.15,True,True,10,PLAYED
995,132.347,1992.2779,Piano,2,10,25,44,piano_snd025,0.15,True,True,10,PLAYED
996,132.347,1992.2779,Piano,4,0,5,44,piano_snd005,0.15,True,True,0,PLAYED
997,132.380,1992.3185,Piano,0,13,37,44,piano_snd037,0.15,True,True,13,PLAYED
998,132.530,1992.4695,Piano,0,13,37,44,piano_snd037,0.15,True,True,13,PLAYED
999,132.530,1992.4695,Piano,4,0,5,44,piano_snd005,0.15,True,True,0,PLAYED
1000,132.530,1992.4695,Piano,1,10,29,44,piano_snd029,0.15,True,True,10,PLAYED
1001,132.563,1992.4985,Piano,2,10,25,44,piano_snd025,0.15,True,True,10,PLAYED
1002,132.713,1992.6494,Piano,4,0,5,44,piano_snd005,0.15,True,True,0,PLAYED
1003,132.713,1992.6494,Piano,3,15,25,44,piano_snd025,0.15,True,True,15,PLAYED
1004,132.713,1992.6494,Piano,2,14,29,44,piano_snd029,0.15,True,True,14,PLAYED
1005,132.713,1992.6494,Piano,0,13,37,44,piano_snd037,0.15,True,True,13,PLAYED
1006,132.864,1992.8004,Piano,0,13,37,44,piano_snd037,0.15,True,True,13,PLAYED
1007,132.864,1992.8004,Piano,4,0,5,44,piano_snd005,0.15,True,True,0,PLAYED
1008,132.864,1992.8004,Piano,3,15,25,44,piano_snd025,0.15,True,True,15,PLAYED
1009,132.864,1992.8004,Piano,2,14,29,44,piano_snd029,0.15,True,True,14,PLAYED
1010,133.030,1992.9687,Piano,0,12,36,44,piano_snd036,0.15,True,True,12,PLAYED
1011,133.030,1992.9687,Piano,5,0,1,44,piano_snd001,0.15,True,True,0,PLAYED
1012,133.030,1992.9687,Piano,2,12,27,44,piano_snd027,0.15,True,True,12,PLAYED
1013,133.030,1992.9687,Piano,3,14,24,44,piano_snd024,0.15,True,True,14,PLAYED
1014,133.063,1992.9977,Piano,4,0,5,44,piano_snd005,0.15,True,True,0,PLAYED
1015,133.213,1993.1487,Piano,2,7,22,44,piano_snd022,0.15,True,True,7,PLAYED
1016,133.213,1993.1487,Piano,1,6,25,44,piano_snd025,0.15,True,True,6,PLAYED
1017,133.213,1993.1487,Piano,5,1,2,44,piano_snd002,0.15,True,True,1,PLAYED
1018,133.213,1993.1487,Piano,0,10,34,44,piano_snd034,0.15,True,True,10,PLAYED
1019,133.246,1993.1777,Piano,4,0,5,44,piano_snd005,0.15,True,True,0,PLAYED
1020,133.380,1993.3228,Piano,2,6,21,44,piano_snd021,0.15,True,True,6,PLAYED
1021,133.381,1993.3228,Piano,1,5,24,44,piano_snd024,0.15,True,True,5,PLAYED
1022,133.381,1993.3228,Piano,0,9,33,44,piano_snd033,0.15,True,True,9,PLAYED
1023,133.381,1993.3228,Piano,4,0,5,44,piano_snd005,0.15,True,True,0,PLAYED
1024,133.413,1993.3518,Piano,5,3,4,44,piano_snd004,0.15,True,True,3,PLAYED
1025,133.747,1993.6885,Piano,1,14,33,44,piano_snd033,0.15,True,True,14,PLAYED
1026,133.747,1993.6885,Piano,4,0,5,44,piano_snd005,0.15,True,True,0,PLAYED
1027,133.747,1993.6885,Piano,5,15,16,44,piano_snd016,0.15,True,True,15,PLAYED
1028,133.747,1993.6885,Piano,0,18,42,44,piano_snd042,0.15,True,True,18,PLAYED
1029,133.747,1993.6885,Piano,2,15,30,44,piano_snd030,0.15,True,True,15,PLAYED
1030,133.880,1993.8220,Piano,1,14,33,44,piano_snd033,0.15,True,True,14,PLAYED
1031,133.880,1993.8220,Piano,4,0,5,44,piano_snd005,0.15,True,True,0,PLAYED
1032,133.880,1993.8220,Piano,5,15,16,44,piano_snd016,0.15,True,True,15,PLAYED
1033,133.881,1993.8220,Piano,0,18,42,44,piano_snd042,0.15,True,True,18,PLAYED
1034,133.881,1993.8220,Piano,2,15,30,44,piano_snd030,0.15,True,True,15,PLAYED
1035,134.048,1993.9846,Piano,2,15,30,44,piano_snd030,0.15,True,True,15,PLAYED
1036,134.048,1993.9846,Piano,1,14,33,44,piano_snd033,0.15,True,True,14,PLAYED
1037,134.048,1993.9846,Piano,4,0,5,44,piano_snd005,0.15,True,True,0,PLAYED
1038,134.048,1993.9846,Piano,5,15,16,44,piano_snd016,0.15,True,True,15,PLAYED
1039,134.048,1993.9846,Piano,0,18,42,44,piano_snd042,0.15,True,True,18,PLAYED
1040,134.247,1994.1878,Piano,0,18,42,44,piano_snd042,0.15,True,True,18,PLAYED
1041,134.247,1994.1878,Piano,1,14,33,44,piano_snd033,0.15,True,True,14,PLAYED
1042,134.247,1994.1878,Piano,4,0,5,44,piano_snd005,0.15,True,True,0,PLAYED
1043,134.247,1994.1878,Piano,5,15,16,44,piano_snd016,0.15,True,True,15,PLAYED
1044,134.280,1994.2168,Piano,2,15,30,44,piano_snd030,0.15,True,True,15,PLAYED
1045,134.413,1994.3445,Piano,0,18,42,44,piano_snd042,0.15,True,True,18,PLAYED
1046,134.414,1994.3445,Piano,2,15,30,44,piano_snd030,0.15,True,True,15,PLAYED
1047,134.414,1994.3445,Piano,1,14,33,44,piano_snd033,0.15,True,True,14,PLAYED
1048,134.414,1994.3445,Piano,4,0,5,44,piano_snd005,0.15,True,True,0,PLAYED
1049,134.447,1994.3793,Piano,5,15,16,44,piano_snd016,0.15,True,True,15,PLAYED
1050,134.564,1994.4954,Piano,0,17,41,44,piano_snd041,0.15,True,True,17,PLAYED
1051,134.564,1994.4954,Piano,2,14,29,44,piano_snd029,0.15,True,True,14,PLAYED
1052,134.564,1994.4954,Piano,5,13,14,44,piano_snd014,0.15,True,True,13,PLAYED
1053,134.564,1994.4954,Piano,4,0,5,44,piano_snd005,0.15,True,True,0,PLAYED
1054,134.613,1994.5477,Piano,1,14,33,44,piano_snd033,0.15,True,True,14,PLAYED
